interacting_pair,sender_cell_type,receiver_cell_type,eligible_datasets,supporting_datasets,rank_sum,ligand_deg,receptor_deg,datasets,prevalence,activity,time,cluster,activity_cluster_1,eligible_cluster_1,testable_other_clusters,max_other_activity,specificity
APP_CD74,Endothelial cell venous,cDC2,5,5.0,4.999624144065502,True,True,Hu_Zhang_2023_NSCLC;Kim_Lee_2020;Lambrechts_Thienpont_2018_6149v2;Maynard_Bivona_2020;Zilionis_Klein_2019,1.0,0.9999248288131003,III-IV,0,0.0,5,1,0.0,0.9999248288131003
APP_CD74,Endothelial cell venous,B cell,5,5.0,4.9938139793640826,True,True,Hu_Zhang_2023_NSCLC;Kim_Lee_2020;Lambrechts_Thienpont_2018_6149v2;Maynard_Bivona_2020;Zilionis_Klein_2019,1.0,0.9987627958728165,III-IV,0,0.0,5,1,0.0,0.9987627958728165
APP_CD74,Endothelial cell venous,myeloid dividing,4,4.0,3.992148106954635,True,True,Hu_Zhang_2023_NSCLC;Kim_Lee_2020;Lambrechts_Thienpont_2018_6149v2;Maynard_Bivona_2020,1.0,0.9980370267386588,III-IV,0,0.0,2,1,0.0,0.9980370267386588
APP_CD74,Endothelial cell venous,Macrophage,5,5.0,4.980029357051736,True,True,Hu_Zhang_2023_NSCLC;Kim_Lee_2020;Lambrechts_Thienpont_2018_6149v2;Maynard_Bivona_2020;Zilionis_Klein_2019,1.0,0.9960058714103471,III-IV,0,0.0,5,1,0.0,0.9960058714103471
APP_CD74,Endothelial cell venous,Monocyte classical,5,5.0,4.9476300469969114,True,True,Hu_Zhang_2023_NSCLC;Kim_Lee_2020;Lambrechts_Thienpont_2018_6149v2;Maynard_Bivona_2020;Zilionis_Klein_2019,1.0,0.9895260093993823,III-IV,0,0.0,5,1,0.0,0.9895260093993823
APP_CD74,Endothelial cell venous,T cell CD4 dividing,2,2.0,1.9789787966169663,True,True,Hu_Zhang_2023_NSCLC;Maynard_Bivona_2020,1.0,0.9894893983084831,III-IV,0,0.0,2,1,0.0,0.9894893983084831
CCL5_ACKR1,T cell CD8 terminally exhausted,Endothelial cell venous,4,4.0,3.953469533219308,True,True,Hu_Zhang_2023_NSCLC;Kim_Lee_2020;Lambrechts_Thienpont_2018_6149v2;Maynard_Bivona_2020,1.0,0.988367383304827,III-IV,0,0.0,3,1,0.0,0.988367383304827
APP_CD74,Endothelial cell venous,T cell CD8 dividing,4,4.0,3.946327679191469,True,True,Hu_Zhang_2023_NSCLC;Kim_Lee_2020;Lambrechts_Thienpont_2018_6149v2;Maynard_Bivona_2020,1.0,0.9865819197978672,III-IV,0,0.0,3,1,0.0,0.9865819197978672
CCL5_ACKR1,T cell NK-like,Endothelial cell venous,3,3.0,2.952628806731505,True,True,Hu_Zhang_2023_NSCLC;Kim_Lee_2020;Lambrechts_Thienpont_2018_6149v2,1.0,0.984209602243835,III-IV,0,0.0,3,1,0.0,0.984209602243835
APP_CD74,Endothelial cell venous,Macrophage alveolar,5,5.0,4.904488329764022,True,True,Hu_Zhang_2023_NSCLC;Kim_Lee_2020;Lambrechts_Thienpont_2018_6149v2;Maynard_Bivona_2020;Zilionis_Klein_2019,1.0,0.9808976659528044,III-IV,0,0.0,3,1,0.0,0.9808976659528044
APP_CD74,Endothelial cell venous,T cell CD8 terminally exhausted,4,4.0,3.9134669043385317,True,False,Hu_Zhang_2023_NSCLC;Kim_Lee_2020;Lambrechts_Thienpont_2018_6149v2;Maynard_Bivona_2020,1.0,0.9783667260846329,III-IV,0,0.0,3,1,0.0,0.9783667260846329
CCL5_ACKR1,T cell CD8 naive,Endothelial cell venous,4,4.0,3.8974495184892968,True,True,Hu_Zhang_2023_NSCLC;Kim_Lee_2020;Lambrechts_Thienpont_2018_6149v2;Maynard_Bivona_2020,1.0,0.9743623796223242,III-IV,0,0.0,2,1,0.0,0.9743623796223242
CCL5_ACKR1,T cell CD8 effector memory,Endothelial cell venous,5,5.0,4.855644979324668,True,True,Hu_Zhang_2023_NSCLC;Kim_Lee_2020;Lambrechts_Thienpont_2018_6149v2;Maynard_Bivona_2020;Zilionis_Klein_2019,1.0,0.9711289958649336,III-IV,0,0.0,5,1,0.0,0.9711289958649336
CCL5_ACKR1,T cell CD8 dividing,Endothelial cell venous,4,4.0,3.853863138467579,True,True,Hu_Zhang_2023_NSCLC;Kim_Lee_2020;Lambrechts_Thienpont_2018_6149v2;Maynard_Bivona_2020,1.0,0.9634657846168948,III-IV,0,0.0,3,1,0.0,0.9634657846168948
APP_CD74,Endothelial cell venous,Endothelial cell venous,5,5.0,4.784506924306517,True,True,Hu_Zhang_2023_NSCLC;Kim_Lee_2020;Lambrechts_Thienpont_2018_6149v2;Maynard_Bivona_2020;Zilionis_Klein_2019,1.0,0.9569013848613034,III-IV,0,0.0,5,1,0.0,0.9569013848613034
APP_CD74,Pericyte,Endothelial cell venous,3,3.0,2.8663445592843178,True,False,Hu_Zhang_2023_NSCLC;Lambrechts_Thienpont_2018_6149v2;Maynard_Bivona_2020,1.0,0.9554481864281059,III-IV,0,0.0,2,1,0.0,0.9554481864281059
CCL5_ACKR1,NK cell,Endothelial cell venous,5,5.0,4.734688789352267,True,True,Hu_Zhang_2023_NSCLC;Kim_Lee_2020;Lambrechts_Thienpont_2018_6149v2;Maynard_Bivona_2020;Zilionis_Klein_2019,1.0,0.9469377578704534,III-IV,0,0.0,4,1,0.0,0.9469377578704534
COL3A1_ADGRG1,Fibroblast peribronchial,Endothelial cell venous,5,5.0,4.707893772113632,True,True,Hu_Zhang_2023_NSCLC;Kim_Lee_2020;Lambrechts_Thienpont_2018_6149v2;Maynard_Bivona_2020;Zilionis_Klein_2019,1.0,0.9415787544227264,III-IV,0,0.0,3,1,0.0,0.9415787544227264
CCL5_CCR1,T cell NK-like,myeloid dividing,3,3.0,2.823561631438001,True,True,Hu_Zhang_2023_NSCLC;Kim_Lee_2020;Lambrechts_Thienpont_2018_6149v2,1.0,0.9411872104793337,III-IV,0,0.0,3,1,0.0,0.9411872104793337
CD44_TYROBP,T cell CD8 naive,Monocyte classical,4,4.0,3.7632557308770647,False,True,Hu_Zhang_2023_NSCLC;Kim_Lee_2020;Lambrechts_Thienpont_2018_6149v2;Maynard_Bivona_2020,1.0,0.9408139327192662,III-IV,0,0.0,3,1,0.0,0.9408139327192662
CD44_TYROBP,T cell CD8 naive,Macrophage,4,4.0,3.762579315359901,False,True,Hu_Zhang_2023_NSCLC;Kim_Lee_2020;Lambrechts_Thienpont_2018_6149v2;Maynard_Bivona_2020,1.0,0.9406448288399752,III-IV,0,0.0,3,1,0.0,0.9406448288399752
CCL5_CCR1,T cell NK-like,Macrophage,3,3.0,2.81321461922795,True,True,Hu_Zhang_2023_NSCLC;Kim_Lee_2020;Lambrechts_Thienpont_2018_6149v2,1.0,0.9377382064093167,III-IV,0,0.0,4,1,0.0,0.9377382064093167
APP_CD74,Macrophage,T cell CD4 dividing,2,2.0,1.8589319633284613,True,True,Hu_Zhang_2023_NSCLC;Maynard_Bivona_2020,1.0,0.9294659816642307,III-IV,0,0.0,3,1,0.0,0.9294659816642307
CD44_TYROBP,T cell NK-like,Monocyte classical,3,3.0,2.788267708406999,False,True,Hu_Zhang_2023_NSCLC;Kim_Lee_2020;Lambrechts_Thienpont_2018_6149v2,1.0,0.9294225694689997,III-IV,0,0.0,4,1,0.0,0.9294225694689997
CCL5_CCR1,T cell NK-like,Monocyte classical,3,3.0,2.7876630084445946,True,True,Hu_Zhang_2023_NSCLC;Kim_Lee_2020;Lambrechts_Thienpont_2018_6149v2,1.0,0.9292210028148649,III-IV,0,0.0,4,1,0.0,0.9292210028148649
CD44_TYROBP,T cell NK-like,Macrophage,3,3.0,2.773777418862127,False,True,Hu_Zhang_2023_NSCLC;Kim_Lee_2020;Lambrechts_Thienpont_2018_6149v2,1.0,0.9245924729540423,III-IV,0,0.0,4,1,0.0,0.9245924729540423
CD44_TYROBP,T cell CD8 naive,cDC2,4,4.0,3.6859722346775476,False,True,Hu_Zhang_2023_NSCLC;Kim_Lee_2020;Lambrechts_Thienpont_2018_6149v2;Maynard_Bivona_2020,1.0,0.9214930586693869,III-IV,0,0.0,3,1,0.0,0.9214930586693869
APP_CD74,Macrophage alveolar,T cell CD4 dividing,2,2.0,1.842891669162913,True,True,Hu_Zhang_2023_NSCLC;Maynard_Bivona_2020,1.0,0.9214458345814565,III-IV,0,0.0,3,1,0.0,0.9214458345814565
CD44_TYROBP,T cell CD8 naive,myeloid dividing,4,4.0,3.6707762054030244,False,True,Hu_Zhang_2023_NSCLC;Kim_Lee_2020;Lambrechts_Thienpont_2018_6149v2;Maynard_Bivona_2020,1.0,0.9176940513507561,III-IV,0,0.0,2,1,0.0,0.9176940513507561
APP_CD74,Endothelial cell venous,T cell NK-like,3,3.0,2.742252224238129,True,False,Hu_Zhang_2023_NSCLC;Kim_Lee_2020;Lambrechts_Thienpont_2018_6149v2,1.0,0.914084074746043,III-IV,0,0.0,3,1,0.0,0.914084074746043
CCL5_CCR1,T cell NK-like,cDC2,3,3.0,2.7240315609125725,True,False,Hu_Zhang_2023_NSCLC;Kim_Lee_2020;Lambrechts_Thienpont_2018_6149v2,1.0,0.9080105203041908,III-IV,0,0.0,4,1,0.0,0.9080105203041908
APP_CD74,Endothelial cell venous,T cell CD8 naive,4,4.0,3.6297569857203467,True,False,Hu_Zhang_2023_NSCLC;Kim_Lee_2020;Lambrechts_Thienpont_2018_6149v2;Maynard_Bivona_2020,1.0,0.9074392464300867,III-IV,0,0.0,2,1,0.0,0.9074392464300867
APP_CD74,Endothelial cell venous,T cell regulatory,5,5.0,4.5285507194045,True,False,Hu_Zhang_2023_NSCLC;Kim_Lee_2020;Lambrechts_Thienpont_2018_6149v2;Maynard_Bivona_2020;Zilionis_Klein_2019,1.0,0.9057101438808999,III-IV,0,0.0,5,1,0.0,0.9057101438808999
CD44_TYROBP,T cell NK-like,cDC2,3,3.0,2.70005432268424,False,True,Hu_Zhang_2023_NSCLC;Kim_Lee_2020;Lambrechts_Thienpont_2018_6149v2,1.0,0.9000181075614133,III-IV,0,0.0,4,1,0.0,0.9000181075614133
CD44_TYROBP,T cell NK-like,myeloid dividing,3,3.0,2.6977327634831068,False,True,Hu_Zhang_2023_NSCLC;Kim_Lee_2020;Lambrechts_Thienpont_2018_6149v2,1.0,0.899244254494369,III-IV,0,0.0,3,1,0.0,0.899244254494369
CD44_TYROBP,T cell NK-like,Macrophage alveolar,3,3.0,2.689301620815386,False,True,Hu_Zhang_2023_NSCLC;Kim_Lee_2020;Lambrechts_Thienpont_2018_6149v2,1.0,0.8964338736051287,III-IV,0,0.0,3,1,0.0,0.8964338736051287
HLA-E_CD94:NKG2A,Endothelial cell venous,NK cell,5,5.0,4.445108454887189,True,False,Hu_Zhang_2023_NSCLC;Kim_Lee_2020;Lambrechts_Thienpont_2018_6149v2;Maynard_Bivona_2020;Zilionis_Klein_2019,1.0,0.8890216909774378,III-IV,0,0.0,4,1,0.0,0.8890216909774378
HLA-E_KLRC1,Endothelial cell venous,NK cell,5,5.0,4.445108454887189,True,True,Hu_Zhang_2023_NSCLC;Kim_Lee_2020;Lambrechts_Thienpont_2018_6149v2;Maynard_Bivona_2020;Zilionis_Klein_2019,1.0,0.8890216909774378,III-IV,0,0.0,4,1,0.0,0.8890216909774378
APP_CD74,Endothelial cell venous,T cell CD8 effector memory,5,5.0,4.403210142090035,True,False,Hu_Zhang_2023_NSCLC;Kim_Lee_2020;Lambrechts_Thienpont_2018_6149v2;Maynard_Bivona_2020;Zilionis_Klein_2019,1.0,0.8806420284180071,III-IV,0,0.0,5,1,0.0,0.8806420284180071
CCL5_CCR1,T cell CD8 naive,Macrophage,4,4.0,3.4989996187373054,True,True,Hu_Zhang_2023_NSCLC;Kim_Lee_2020;Lambrechts_Thienpont_2018_6149v2;Maynard_Bivona_2020,1.0,0.8747499046843263,III-IV,0,0.0,3,1,0.0,0.8747499046843263
HLA-E_CD94:NKG2A,T cell CD8 naive,NK cell,4,4.0,3.496061079956903,False,False,Hu_Zhang_2023_NSCLC;Kim_Lee_2020;Lambrechts_Thienpont_2018_6149v2;Maynard_Bivona_2020,1.0,0.8740152699892257,III-IV,0,0.0,3,1,0.0,0.8740152699892257
CCL5_CCR1,T cell CD8 naive,myeloid dividing,4,4.0,3.491549815734394,True,True,Hu_Zhang_2023_NSCLC;Kim_Lee_2020;Lambrechts_Thienpont_2018_6149v2;Maynard_Bivona_2020,1.0,0.8728874539335985,III-IV,0,0.0,2,1,0.0,0.8728874539335985
HLA-E_CD94:NKG2A,T cell NK-like,NK cell,3,3.0,2.601425126469262,False,False,Hu_Zhang_2023_NSCLC;Kim_Lee_2020;Lambrechts_Thienpont_2018_6149v2,1.0,0.8671417088230874,III-IV,0,0.0,4,1,0.0,0.8671417088230874
APP_CD74,Pericyte,T cell CD8 naive,3,3.0,2.5978827024875937,True,False,Hu_Zhang_2023_NSCLC;Lambrechts_Thienpont_2018_6149v2;Maynard_Bivona_2020,1.0,0.8659609008291979,III-IV,0,0.0,1,1,0.0,0.8659609008291979
CCL5_CCR1,T cell CD8 naive,Monocyte classical,4,4.0,3.4505877104254887,True,True,Hu_Zhang_2023_NSCLC;Kim_Lee_2020;Lambrechts_Thienpont_2018_6149v2;Maynard_Bivona_2020,1.0,0.8626469276063722,III-IV,0,0.0,3,1,0.0,0.8626469276063722
APP_CD74,Pericyte,T cell NK-like,2,2.0,1.7165544917184388,True,False,Hu_Zhang_2023_NSCLC;Lambrechts_Thienpont_2018_6149v2,1.0,0.8582772458592194,III-IV,0,0.0,2,1,0.0,0.8582772458592194
CXCL12_CXCR4,Fibroblast peribronchial,T cell CD8 naive,4,4.0,3.431647500764255,True,True,Hu_Zhang_2023_NSCLC;Kim_Lee_2020;Lambrechts_Thienpont_2018_6149v2;Maynard_Bivona_2020,1.0,0.8579118751910637,III-IV,0,0.0,2,1,0.0,0.8579118751910637
PECAM1_CD38,Endothelial cell venous,T cell CD4 dividing,2,2.0,1.6988640891735654,True,False,Hu_Zhang_2023_NSCLC;Maynard_Bivona_2020,1.0,0.8494320445867827,III-IV,0,0.0,2,1,0.0,0.8494320445867827
HLA-E_KLRC1,Endothelial cell venous,T cell CD8 dividing,4,4.0,3.3873298329290455,True,False,Hu_Zhang_2023_NSCLC;Kim_Lee_2020;Lambrechts_Thienpont_2018_6149v2;Maynard_Bivona_2020,1.0,0.8468324582322614,III-IV,0,0.0,3,1,0.0,0.8468324582322614
HLA-E_CD94:NKG2A,Endothelial cell venous,T cell CD8 dividing,4,4.0,3.3785950559121867,True,False,Hu_Zhang_2023_NSCLC;Kim_Lee_2020;Lambrechts_Thienpont_2018_6149v2;Maynard_Bivona_2020,1.0,0.8446487639780467,III-IV,0,0.0,3,1,0.0,0.8446487639780467
COL4A1_ADGRG6,Pericyte,Endothelial cell venous,3,3.0,2.5234732186328452,True,False,Hu_Zhang_2023_NSCLC;Lambrechts_Thienpont_2018_6149v2;Maynard_Bivona_2020,1.0,0.8411577395442817,III-IV,0,0.0,2,1,0.0,0.8411577395442817
CCL5_CCR1,T cell CD8 naive,cDC2,4,4.0,3.3541341611538806,True,False,Hu_Zhang_2023_NSCLC;Kim_Lee_2020;Lambrechts_Thienpont_2018_6149v2;Maynard_Bivona_2020,1.0,0.8385335402884702,III-IV,0,0.0,3,1,0.0,0.8385335402884702
CCL5_ACKR1,T cell CD8 activated,Endothelial cell venous,3,3.0,2.489139496558048,True,True,Hu_Zhang_2023_NSCLC;Kim_Lee_2020;Zilionis_Klein_2019,1.0,0.8297131655193493,III-IV,0,0.0,3,1,0.0,0.8297131655193493
APP_CD74,Endothelial cell venous,T cell CD4,5,5.0,4.145655587197385,True,False,Hu_Zhang_2023_NSCLC;Kim_Lee_2020;Lambrechts_Thienpont_2018_6149v2;Maynard_Bivona_2020;Zilionis_Klein_2019,1.0,0.8291311174394769,III-IV,0,0.0,5,1,0.0,0.8291311174394769
APP_CD74,Endothelial cell venous,NK cell,5,5.0,4.113944959875121,True,False,Hu_Zhang_2023_NSCLC;Kim_Lee_2020;Lambrechts_Thienpont_2018_6149v2;Maynard_Bivona_2020;Zilionis_Klein_2019,1.0,0.8227889919750242,III-IV,0,0.0,4,1,0.0,0.8227889919750242
CD34_SELL,Endothelial cell venous,T cell CD4 dividing,2,2.0,1.644901309654786,True,True,Hu_Zhang_2023_NSCLC;Maynard_Bivona_2020,1.0,0.822450654827393,III-IV,0,0.0,2,1,0.0,0.822450654827393
APP_CD74,Fibroblast peribronchial,T cell CD8 naive,4,4.0,3.27608686950158,True,False,Hu_Zhang_2023_NSCLC;Kim_Lee_2020;Lambrechts_Thienpont_2018_6149v2;Maynard_Bivona_2020,1.0,0.819021717375395,III-IV,0,0.0,2,1,0.0,0.819021717375395
COL4A2_ADGRG6,Pericyte,Endothelial cell venous,3,3.0,2.439691541864008,True,False,Hu_Zhang_2023_NSCLC;Lambrechts_Thienpont_2018_6149v2;Maynard_Bivona_2020,1.0,0.8132305139546694,III-IV,0,0.0,2,1,0.0,0.8132305139546694
APP_CD74,Fibroblast peribronchial,T cell NK-like,3,3.0,2.439594751828363,True,False,Hu_Zhang_2023_NSCLC;Kim_Lee_2020;Lambrechts_Thienpont_2018_6149v2,1.0,0.8131982506094544,III-IV,0,0.0,3,1,0.0,0.8131982506094544
APP_TREM2_receptor,Endothelial cell venous,myeloid dividing,4,4.0,3.2117671805768255,True,False,Hu_Zhang_2023_NSCLC;Kim_Lee_2020;Lambrechts_Thienpont_2018_6149v2;Maynard_Bivona_2020,1.0,0.8029417951442064,III-IV,0,0.0,2,1,0.0,0.8029417951442064
CD52_SIGLEC10,T cell NK-like,cDC2,3,3.0,2.4078166132612706,True,True,Hu_Zhang_2023_NSCLC;Kim_Lee_2020;Lambrechts_Thienpont_2018_6149v2,1.0,0.8026055377537569,III-IV,0,0.0,4,1,0.0,0.8026055377537569
CXCL8_ACKR1,Monocyte classical,Endothelial cell venous,5,5.0,3.9872409246515566,True,True,Hu_Zhang_2023_NSCLC;Kim_Lee_2020;Lambrechts_Thienpont_2018_6149v2;Maynard_Bivona_2020;Zilionis_Klein_2019,1.0,0.7974481849303113,III-IV,0,0.0,5,1,0.0,0.7974481849303113
PDGFB_PDGFRB,Endothelial cell venous,Pericyte,3,3.0,2.3208325967836005,True,True,Hu_Zhang_2023_NSCLC;Lambrechts_Thienpont_2018_6149v2;Maynard_Bivona_2020,1.0,0.7736108655945335,III-IV,0,0.0,2,1,0.0,0.7736108655945335
PECAM1_CD38,Endothelial cell venous,T cell CD8 dividing,4,4.0,3.074193681593338,True,True,Hu_Zhang_2023_NSCLC;Kim_Lee_2020;Lambrechts_Thienpont_2018_6149v2;Maynard_Bivona_2020,1.0,0.7685484203983345,III-IV,0,0.0,3,1,0.0,0.7685484203983345
CD52_SIGLEC10,T cell CD8 naive,cDC2,4,4.0,3.0629063276186166,True,True,Hu_Zhang_2023_NSCLC;Kim_Lee_2020;Lambrechts_Thienpont_2018_6149v2;Maynard_Bivona_2020,1.0,0.7657265819046541,III-IV,0,0.0,3,1,0.0,0.7657265819046541
COL3A1_ADGRG1,Pericyte,Endothelial cell venous,3,3.0,2.2946705909512466,True,True,Hu_Zhang_2023_NSCLC;Lambrechts_Thienpont_2018_6149v2;Maynard_Bivona_2020,1.0,0.7648901969837488,III-IV,0,0.0,2,1,0.0,0.7648901969837488
APP_CD74,Endothelial cell venous,Mast cell,5,5.0,3.820715431422712,True,False,Hu_Zhang_2023_NSCLC;Kim_Lee_2020;Lambrechts_Thienpont_2018_6149v2;Maynard_Bivona_2020;Zilionis_Klein_2019,1.0,0.7641430862845424,III-IV,0,0.0,5,1,0.0,0.7641430862845424
CXCL8_ACKR1,Macrophage,Endothelial cell venous,5,5.0,3.8013717933384843,True,True,Hu_Zhang_2023_NSCLC;Kim_Lee_2020;Lambrechts_Thienpont_2018_6149v2;Maynard_Bivona_2020;Zilionis_Klein_2019,1.0,0.7602743586676969,III-IV,0,0.0,5,1,0.0,0.7602743586676969
DLL4_NOTCH3,Endothelial cell venous,Pericyte,3,3.0,2.2778371501937196,True,True,Hu_Zhang_2023_NSCLC;Lambrechts_Thienpont_2018_6149v2;Maynard_Bivona_2020,1.0,0.7592790500645732,III-IV,0,0.0,2,1,0.0,0.7592790500645732
APP_CD74,Fibroblast peribronchial,Endothelial cell venous,5,4.0,3.7917374092763207,True,True,Hu_Zhang_2023_NSCLC;Kim_Lee_2020;Lambrechts_Thienpont_2018_6149v2;Maynard_Bivona_2020,0.8,0.7583474818552641,III-IV,0,0.0,3,1,0.0,0.7583474818552641
ESAM_ESAM,Endothelial cell venous,Pericyte,3,3.0,2.267000545098041,True,True,Hu_Zhang_2023_NSCLC;Lambrechts_Thienpont_2018_6149v2;Maynard_Bivona_2020,1.0,0.7556668483660136,III-IV,0,0.0,2,1,0.0,0.7556668483660136
ESAM_ESAM,Pericyte,Endothelial cell venous,3,3.0,2.267000545098041,True,True,Hu_Zhang_2023_NSCLC;Lambrechts_Thienpont_2018_6149v2;Maynard_Bivona_2020,1.0,0.7556668483660136,III-IV,0,0.0,2,1,0.0,0.7556668483660136
APP_TREM2_receptor,Endothelial cell venous,Macrophage,5,5.0,3.727842257865174,True,False,Hu_Zhang_2023_NSCLC;Kim_Lee_2020;Lambrechts_Thienpont_2018_6149v2;Maynard_Bivona_2020;Zilionis_Klein_2019,1.0,0.7455684515730348,III-IV,0,0.0,5,1,0.0,0.7455684515730348
APP_TNFRSF21,Endothelial cell venous,Pericyte,3,3.0,2.2040626216875365,True,True,Hu_Zhang_2023_NSCLC;Lambrechts_Thienpont_2018_6149v2;Maynard_Bivona_2020,1.0,0.7346875405625122,III-IV,0,0.0,2,1,0.0,0.7346875405625122
PGF_FLT1,Pericyte,Endothelial cell venous,3,3.0,2.128296621833328,True,True,Hu_Zhang_2023_NSCLC;Lambrechts_Thienpont_2018_6149v2;Maynard_Bivona_2020,1.0,0.709432207277776,III-IV,0,0.0,2,1,0.0,0.709432207277776
APP_CD74,Endothelial cell venous,Pericyte,3,3.0,2.118820299795182,True,False,Hu_Zhang_2023_NSCLC;Lambrechts_Thienpont_2018_6149v2;Maynard_Bivona_2020,1.0,0.7062734332650606,III-IV,0,0.0,2,1,0.0,0.7062734332650606
PTPRC_MRC1,T cell NK-like,Macrophage,3,3.0,2.1112818974023364,False,True,Hu_Zhang_2023_NSCLC;Kim_Lee_2020;Lambrechts_Thienpont_2018_6149v2,1.0,0.7037606324674455,III-IV,0,0.0,4,1,0.0,0.7037606324674455
APP_CD74,Endothelial cell venous,T cell CD8 activated,3,3.0,2.11060924463696,True,False,Hu_Zhang_2023_NSCLC;Kim_Lee_2020;Zilionis_Klein_2019,1.0,0.7035364148789868,III-IV,0,0.0,3,1,0.0,0.7035364148789868
PTPRC_MRC1,T cell CD8 naive,Macrophage,4,4.0,2.787973118463297,False,True,Hu_Zhang_2023_NSCLC;Kim_Lee_2020;Lambrechts_Thienpont_2018_6149v2;Maynard_Bivona_2020,1.0,0.6969932796158242,III-IV,0,0.0,3,1,0.0,0.6969932796158242
APP_TREM2_receptor,Endothelial cell venous,Macrophage alveolar,5,5.0,3.474620244913252,True,False,Hu_Zhang_2023_NSCLC;Kim_Lee_2020;Lambrechts_Thienpont_2018_6149v2;Maynard_Bivona_2020;Zilionis_Klein_2019,1.0,0.6949240489826505,III-IV,0,0.0,3,1,0.0,0.6949240489826505
JAG1_NOTCH3,Endothelial cell venous,Pericyte,3,3.0,2.084291352745526,True,True,Hu_Zhang_2023_NSCLC;Lambrechts_Thienpont_2018_6149v2;Maynard_Bivona_2020,1.0,0.6947637842485087,III-IV,0,0.0,2,1,0.0,0.6947637842485087
CCL5_ACKR1,T cell CD4 dividing,Endothelial cell venous,2,2.0,1.3859466918770174,False,True,Hu_Zhang_2023_NSCLC;Maynard_Bivona_2020,1.0,0.6929733459385087,III-IV,0,0.0,2,1,0.0,0.6929733459385087
CD44_TYROBP,T cell CD8 naive,Macrophage alveolar,4,3.0,2.762695523133521,False,True,Hu_Zhang_2023_NSCLC;Kim_Lee_2020;Lambrechts_Thienpont_2018_6149v2,0.75,0.6906738807833802,III-IV,0,0.0,2,1,0.0,0.6906738807833802
ESAM_ESAM,Endothelial cell venous,Endothelial cell venous,5,4.0,3.437311244734018,True,True,Hu_Zhang_2023_NSCLC;Kim_Lee_2020;Lambrechts_Thienpont_2018_6149v2;Maynard_Bivona_2020,0.8,0.6874622489468036,III-IV,0,0.0,5,1,0.0,0.6874622489468036
CXCL14_CXCR4,Fibroblast peribronchial,T cell CD8 naive,4,3.0,2.699842959049238,True,True,Hu_Zhang_2023_NSCLC;Kim_Lee_2020;Maynard_Bivona_2020,0.75,0.6749607397623095,III-IV,0,0.0,2,1,0.0,0.6749607397623095
LCK_CD8_receptor,T cell CD4 dividing,T cell CD8 naive,2,2.0,1.3379682141540759,True,False,Hu_Zhang_2023_NSCLC;Maynard_Bivona_2020,1.0,0.6689841070770379,III-IV,0,0.0,2,1,0.0,0.6689841070770379
CXCL8_ACKR1,Macrophage alveolar,Endothelial cell venous,5,5.0,3.32822212887765,True,True,Hu_Zhang_2023_NSCLC;Kim_Lee_2020;Lambrechts_Thienpont_2018_6149v2;Maynard_Bivona_2020;Zilionis_Klein_2019,1.0,0.6656444257755301,III-IV,0,0.0,3,1,0.0,0.6656444257755301
CCL5_ACKR1,T cell CD4,Endothelial cell venous,5,5.0,3.3094397080096307,False,True,Hu_Zhang_2023_NSCLC;Kim_Lee_2020;Lambrechts_Thienpont_2018_6149v2;Maynard_Bivona_2020;Zilionis_Klein_2019,1.0,0.6618879416019261,III-IV,0,0.0,5,1,0.0,0.6618879416019261
NECTIN2_TIGIT,Endothelial cell venous,T cell CD4 dividing,2,2.0,1.3207606931433267,True,True,Hu_Zhang_2023_NSCLC;Maynard_Bivona_2020,1.0,0.6603803465716633,III-IV,0,0.0,2,1,0.0,0.6603803465716633
CDH5_CDH5,Endothelial cell venous,Endothelial cell venous,5,5.0,3.2849926600567403,True,True,Hu_Zhang_2023_NSCLC;Kim_Lee_2020;Lambrechts_Thienpont_2018_6149v2;Maynard_Bivona_2020;Zilionis_Klein_2019,1.0,0.6569985320113481,III-IV,0,0.0,5,1,0.0,0.6569985320113481
PODXL_SELL,Endothelial cell venous,T cell CD4 dividing,2,2.0,1.312703102365098,True,True,Hu_Zhang_2023_NSCLC;Maynard_Bivona_2020,1.0,0.656351551182549,III-IV,0,0.0,2,1,0.0,0.656351551182549
CXCL8_ACKR1,cDC2,Endothelial cell venous,5,5.0,3.2357699508688813,True,True,Hu_Zhang_2023_NSCLC;Kim_Lee_2020;Lambrechts_Thienpont_2018_6149v2;Maynard_Bivona_2020;Zilionis_Klein_2019,1.0,0.6471539901737763,III-IV,0,0.0,5,1,0.0,0.6471539901737763
CCL5_CCR1,T cell CD8 naive,Macrophage alveolar,4,3.0,2.5817981485438644,True,True,Hu_Zhang_2023_NSCLC;Kim_Lee_2020;Maynard_Bivona_2020,0.75,0.6454495371359661,III-IV,0,0.0,2,1,0.0,0.6454495371359661
CCL2_ACKR1,myeloid dividing,Endothelial cell venous,4,4.0,2.573381004117878,True,True,Hu_Zhang_2023_NSCLC;Kim_Lee_2020;Lambrechts_Thienpont_2018_6149v2;Maynard_Bivona_2020,1.0,0.6433452510294695,III-IV,0,0.0,2,1,0.0,0.6433452510294695
NECTIN2_TIGIT,Endothelial cell venous,T cell regulatory,5,5.0,3.215364866729901,True,True,Hu_Zhang_2023_NSCLC;Kim_Lee_2020;Lambrechts_Thienpont_2018_6149v2;Maynard_Bivona_2020;Zilionis_Klein_2019,1.0,0.6430729733459801,III-IV,0,0.0,5,1,0.0,0.6430729733459801
CD34_SELL,Endothelial cell venous,B cell,5,5.0,3.2081158533985876,True,True,Hu_Zhang_2023_NSCLC;Kim_Lee_2020;Lambrechts_Thienpont_2018_6149v2;Maynard_Bivona_2020;Zilionis_Klein_2019,1.0,0.6416231706797175,III-IV,0,0.0,5,1,0.0,0.6416231706797175
CD44_TYROBP,T cell CD8 naive,NK cell,4,3.0,2.560536803745463,False,True,Kim_Lee_2020;Lambrechts_Thienpont_2018_6149v2;Maynard_Bivona_2020,0.75,0.6401342009363657,III-IV,0,0.0,3,1,0.0,0.6401342009363657
APP_CD74,Endothelial cell venous,Fibroblast peribronchial,5,4.0,3.179840551333056,True,False,Hu_Zhang_2023_NSCLC;Kim_Lee_2020;Lambrechts_Thienpont_2018_6149v2;Maynard_Bivona_2020,0.8,0.6359681102666113,III-IV,0,0.0,3,1,0.0,0.6359681102666113
ANXA1_FPR1,T cell CD8 naive,Monocyte classical,4,4.0,2.523880292717911,False,True,Hu_Zhang_2023_NSCLC;Kim_Lee_2020;Lambrechts_Thienpont_2018_6149v2;Maynard_Bivona_2020,1.0,0.6309700731794777,III-IV,0,0.0,3,1,0.0,0.6309700731794777
HLA-E_CD94:NKG2C,Endothelial cell venous,NK cell,5,4.0,3.151446116641704,True,False,Kim_Lee_2020;Lambrechts_Thienpont_2018_6149v2;Maynard_Bivona_2020;Zilionis_Klein_2019,0.8,0.6302892233283408,III-IV,0,0.0,4,1,0.0,0.6302892233283408
HLA-E_KLRC2,Endothelial cell venous,NK cell,5,4.0,3.151446116641704,True,False,Kim_Lee_2020;Lambrechts_Thienpont_2018_6149v2;Maynard_Bivona_2020;Zilionis_Klein_2019,0.8,0.6302892233283408,III-IV,0,0.0,4,1,0.0,0.6302892233283408
GJC1_GJA1,Pericyte,Endothelial cell venous,3,3.0,1.8788802819214236,True,True,Hu_Zhang_2023_NSCLC;Lambrechts_Thienpont_2018_6149v2;Maynard_Bivona_2020,1.0,0.6262934273071412,III-IV,0,0.0,2,1,0.0,0.6262934273071412
APP_CD74,myeloid dividing,T cell CD4 dividing,2,2.0,1.87544534251396,True,True,Hu_Zhang_2023_NSCLC;Maynard_Bivona_2020,1.0,0.93772267125698,III-IV,0,0.3117350019210714,3,1,0.3117350019210714,0.6259876693359085
COL3A1_ADGRG1,Fibroblast peribronchial,T cell NK-like,3,2.0,1.8716421329973079,True,False,Hu_Zhang_2023_NSCLC;Kim_Lee_2020,0.6666666666666666,0.6238807109991026,III-IV,0,0.0,3,1,0.0,0.6238807109991026
CD44_TYROBP,T cell CD8 naive,Mast cell,4,3.0,2.4634260740193525,False,True,Kim_Lee_2020;Lambrechts_Thienpont_2018_6149v2;Maynard_Bivona_2020,0.75,0.6158565185048381,III-IV,0,0.0,3,1,0.0,0.6158565185048381
CD34_SELL,Endothelial cell venous,T cell regulatory,5,5.0,3.076813941299514,True,False,Hu_Zhang_2023_NSCLC;Kim_Lee_2020;Lambrechts_Thienpont_2018_6149v2;Maynard_Bivona_2020;Zilionis_Klein_2019,1.0,0.6153627882599028,III-IV,0,0.0,5,1,0.0,0.6153627882599028
CCL5_CCR1,T cell NK-like,Macrophage alveolar,3,2.0,1.838927475532484,True,True,Hu_Zhang_2023_NSCLC;Kim_Lee_2020,0.6666666666666666,0.6129758251774947,III-IV,0,0.0,3,1,0.0,0.6129758251774947
HLA-E_CD94:NKG2A,Endothelial cell venous,T cell CD8 terminally exhausted,4,3.0,2.4331553917204,True,False,Hu_Zhang_2023_NSCLC;Kim_Lee_2020;Lambrechts_Thienpont_2018_6149v2,0.75,0.6082888479301,III-IV,0,0.0,3,1,0.0,0.6082888479301
HLA-E_KLRC1,Endothelial cell venous,T cell CD8 terminally exhausted,4,3.0,2.4331553917204,True,False,Hu_Zhang_2023_NSCLC;Kim_Lee_2020;Lambrechts_Thienpont_2018_6149v2,0.75,0.6082888479301,III-IV,0,0.0,3,1,0.0,0.6082888479301
PTPRC_MRC1,T cell CD8 naive,Macrophage alveolar,4,3.0,2.3857771476660443,False,True,Hu_Zhang_2023_NSCLC;Kim_Lee_2020;Maynard_Bivona_2020,0.75,0.5964442869165111,III-IV,0,0.0,2,1,0.0,0.5964442869165111
LCK_CD8_receptor,T cell regulatory,T cell CD8 naive,4,4.0,2.3762506227693487,True,False,Hu_Zhang_2023_NSCLC;Kim_Lee_2020;Lambrechts_Thienpont_2018_6149v2;Maynard_Bivona_2020,1.0,0.5940626556923372,III-IV,0,0.0,3,1,0.0,0.5940626556923372
COL4A1_ADGRG6,Pericyte,Pericyte,3,2.0,1.7754584260882882,True,False,Hu_Zhang_2023_NSCLC;Maynard_Bivona_2020,0.6666666666666666,0.5918194753627627,III-IV,0,0.0,2,1,0.0,0.5918194753627627
ANXA1_FPR1,T cell NK-like,Monocyte classical,3,3.0,1.7737178447007613,False,True,Hu_Zhang_2023_NSCLC;Kim_Lee_2020;Lambrechts_Thienpont_2018_6149v2,1.0,0.5912392815669204,III-IV,0,0.0,4,1,0.0,0.5912392815669204
PECAM1_CD38,Endothelial cell venous,NK cell,5,4.0,2.953679552057789,True,False,Hu_Zhang_2023_NSCLC;Kim_Lee_2020;Maynard_Bivona_2020;Zilionis_Klein_2019,0.8,0.5907359104115578,III-IV,0,0.0,4,1,0.0,0.5907359104115578
COL4A2_ADGRG6,Pericyte,Pericyte,3,2.0,1.7719773207619818,True,False,Hu_Zhang_2023_NSCLC;Maynard_Bivona_2020,0.6666666666666666,0.5906591069206606,III-IV,0,0.0,2,1,0.0,0.5906591069206606
ANXA1_FPR1,T cell CD8 naive,cDC2,4,4.0,2.340291822691835,False,True,Hu_Zhang_2023_NSCLC;Kim_Lee_2020;Lambrechts_Thienpont_2018_6149v2;Maynard_Bivona_2020,1.0,0.5850729556729588,III-IV,0,0.0,3,1,0.0,0.5850729556729588
PTPRC_MRC1,T cell NK-like,Macrophage alveolar,3,2.0,1.750994979381937,False,True,Hu_Zhang_2023_NSCLC;Kim_Lee_2020,0.6666666666666666,0.5836649931273123,III-IV,0,0.0,3,1,0.0,0.5836649931273123
PECAM1_CD38,Endothelial cell venous,myeloid dividing,4,3.0,2.332088199085816,True,False,Hu_Zhang_2023_NSCLC;Lambrechts_Thienpont_2018_6149v2;Maynard_Bivona_2020,0.75,0.583022049771454,III-IV,0,0.0,2,1,0.0,0.583022049771454
HLA-E_CD94:NKG2C,Endothelial cell venous,T cell CD8 terminally exhausted,4,3.0,2.329212164515147,True,False,Hu_Zhang_2023_NSCLC;Kim_Lee_2020;Lambrechts_Thienpont_2018_6149v2,0.75,0.5823030411287867,III-IV,0,0.0,3,1,0.0,0.5823030411287867
HLA-E_KLRC2,Endothelial cell venous,T cell CD8 terminally exhausted,4,3.0,2.329212164515147,True,False,Hu_Zhang_2023_NSCLC;Kim_Lee_2020;Lambrechts_Thienpont_2018_6149v2,0.75,0.5823030411287867,III-IV,0,0.0,3,1,0.0,0.5823030411287867
LCK_CD8_receptor,T cell CD8 terminally exhausted,T cell CD8 naive,4,4.0,2.3283144273542944,True,False,Hu_Zhang_2023_NSCLC;Kim_Lee_2020;Lambrechts_Thienpont_2018_6149v2;Maynard_Bivona_2020,1.0,0.5820786068385736,III-IV,0,0.0,3,1,0.0,0.5820786068385736
PECAM1_CD38,Endothelial cell venous,Mast cell,5,4.0,2.9100622317558864,True,False,Hu_Zhang_2023_NSCLC;Kim_Lee_2020;Lambrechts_Thienpont_2018_6149v2;Maynard_Bivona_2020,0.8,0.5820124463511773,III-IV,0,0.0,5,1,0.0,0.5820124463511773
HLA-E_CD94:NKG2C,Endothelial cell venous,T cell CD8 dividing,4,3.0,2.322396436079388,True,False,Hu_Zhang_2023_NSCLC;Kim_Lee_2020;Lambrechts_Thienpont_2018_6149v2,0.75,0.580599109019847,III-IV,0,0.0,3,1,0.0,0.580599109019847
HLA-E_KLRC2,Endothelial cell venous,T cell CD8 dividing,4,3.0,2.322396436079388,True,False,Hu_Zhang_2023_NSCLC;Kim_Lee_2020;Lambrechts_Thienpont_2018_6149v2,0.75,0.580599109019847,III-IV,0,0.0,3,1,0.0,0.580599109019847
LCK_CD8_receptor,T cell CD8 naive,T cell CD8 terminally exhausted,4,4.0,2.316095398452317,True,False,Hu_Zhang_2023_NSCLC;Kim_Lee_2020;Lambrechts_Thienpont_2018_6149v2;Maynard_Bivona_2020,1.0,0.5790238496130793,III-IV,0,0.0,3,1,0.0,0.5790238496130793
NECTIN2_TIGIT,Endothelial cell venous,T cell CD8 terminally exhausted,4,4.0,2.313583939510015,True,True,Hu_Zhang_2023_NSCLC;Kim_Lee_2020;Lambrechts_Thienpont_2018_6149v2;Maynard_Bivona_2020,1.0,0.5783959848775038,III-IV,0,0.0,3,1,0.0,0.5783959848775038
PECAM1_CD38,Endothelial cell venous,cDC2,5,4.0,2.8892888657072726,True,False,Hu_Zhang_2023_NSCLC;Kim_Lee_2020;Lambrechts_Thienpont_2018_6149v2;Maynard_Bivona_2020,0.8,0.5778577731414545,III-IV,0,0.0,5,1,0.0,0.5778577731414545
CXCL8_ACKR1,myeloid dividing,Endothelial cell venous,4,3.0,2.305248694035835,True,True,Hu_Zhang_2023_NSCLC;Kim_Lee_2020;Maynard_Bivona_2020,0.75,0.5763121735089588,III-IV,0,0.0,2,1,0.0,0.5763121735089588
CD52_SIGLEC10,T cell CD8 naive,myeloid dividing,4,3.0,2.3044445310817934,True,True,Kim_Lee_2020;Lambrechts_Thienpont_2018_6149v2;Maynard_Bivona_2020,0.75,0.5761111327704483,III-IV,0,0.0,2,1,0.0,0.5761111327704483
COL4A1_ADGRG6,Endothelial cell venous,Endothelial cell venous,5,5.0,2.8701045459234225,True,False,Hu_Zhang_2023_NSCLC;Kim_Lee_2020;Lambrechts_Thienpont_2018_6149v2;Maynard_Bivona_2020;Zilionis_Klein_2019,1.0,0.5740209091846845,III-IV,0,0.0,5,1,0.0,0.5740209091846845
ANXA1_FPR3,T cell CD8 naive,Macrophage,4,4.0,2.295738654946673,False,True,Hu_Zhang_2023_NSCLC;Kim_Lee_2020;Lambrechts_Thienpont_2018_6149v2;Maynard_Bivona_2020,1.0,0.5739346637366682,III-IV,0,0.0,3,1,0.0,0.5739346637366682
CCL2_ACKR1,Macrophage,Endothelial cell venous,5,4.0,2.854942426800325,True,True,Hu_Zhang_2023_NSCLC;Kim_Lee_2020;Lambrechts_Thienpont_2018_6149v2;Maynard_Bivona_2020,0.8,0.5709884853600651,III-IV,0,0.0,5,1,0.0,0.5709884853600651
APP_TNFRSF21,Endothelial cell venous,Fibroblast peribronchial,5,5.0,2.8414909182183163,True,False,Hu_Zhang_2023_NSCLC;Kim_Lee_2020;Lambrechts_Thienpont_2018_6149v2;Maynard_Bivona_2020;Zilionis_Klein_2019,1.0,0.5682981836436632,III-IV,0,0.0,3,1,0.0,0.5682981836436632
APP_TNFRSF21,Endothelial cell venous,Macrophage,5,5.0,2.839563154755978,True,True,Hu_Zhang_2023_NSCLC;Kim_Lee_2020;Lambrechts_Thienpont_2018_6149v2;Maynard_Bivona_2020;Zilionis_Klein_2019,1.0,0.5679126309511956,III-IV,0,0.0,5,1,0.0,0.5679126309511956
LCK_CD8_receptor,T cell NK-like,T cell CD8 terminally exhausted,3,3.0,1.6835406269477153,True,False,Hu_Zhang_2023_NSCLC;Kim_Lee_2020;Lambrechts_Thienpont_2018_6149v2,1.0,0.5611802089825718,III-IV,0,0.0,4,1,0.0,0.5611802089825718
PODXL_SELL,Endothelial cell venous,B cell,5,5.0,2.799612436016278,True,True,Hu_Zhang_2023_NSCLC;Kim_Lee_2020;Lambrechts_Thienpont_2018_6149v2;Maynard_Bivona_2020;Zilionis_Klein_2019,1.0,0.5599224872032555,III-IV,0,0.0,5,1,0.0,0.5599224872032555
PECAM1_CD38,Endothelial cell venous,T cell CD8 terminally exhausted,4,3.0,2.226248213474027,True,False,Hu_Zhang_2023_NSCLC;Kim_Lee_2020;Maynard_Bivona_2020,0.75,0.5565620533685067,III-IV,0,0.0,3,1,0.0,0.5565620533685067
COL4A2_ADGRG6,Endothelial cell venous,Endothelial cell venous,5,5.0,2.7768366590191285,True,False,Hu_Zhang_2023_NSCLC;Kim_Lee_2020;Lambrechts_Thienpont_2018_6149v2;Maynard_Bivona_2020;Zilionis_Klein_2019,1.0,0.5553673318038257,III-IV,0,0.0,5,1,0.0,0.5553673318038257
LCK_CD8_receptor,T cell CD8 dividing,T cell CD8 naive,4,4.0,2.2166519881259408,True,False,Hu_Zhang_2023_NSCLC;Kim_Lee_2020;Lambrechts_Thienpont_2018_6149v2;Maynard_Bivona_2020,1.0,0.5541629970314852,III-IV,0,0.0,3,1,0.0,0.5541629970314852
VEGFA_FLT1,Monocyte classical,Endothelial cell venous,5,5.0,2.7583954417998022,True,True,Hu_Zhang_2023_NSCLC;Kim_Lee_2020;Lambrechts_Thienpont_2018_6149v2;Maynard_Bivona_2020;Zilionis_Klein_2019,1.0,0.5516790883599605,III-IV,0,0.0,5,1,0.0,0.5516790883599605
CD44_TYROBP,T cell NK-like,NK cell,3,2.0,1.645891838028807,False,True,Kim_Lee_2020;Lambrechts_Thienpont_2018_6149v2,0.6666666666666666,0.548630612676269,III-IV,0,0.0,4,1,0.0,0.548630612676269
CXCL14_CXCR4,myeloid dividing,T cell CD4 dividing,2,2.0,1.5995652621892695,True,True,Hu_Zhang_2023_NSCLC;Maynard_Bivona_2020,1.0,0.7997826310946348,III-IV,0,0.2512624183544651,3,1,0.2512624183544651,0.5485202127401696
HLA-E_CD94:NKG2C,T cell CD8 naive,NK cell,4,3.0,2.193201069566122,False,False,Kim_Lee_2020;Lambrechts_Thienpont_2018_6149v2;Maynard_Bivona_2020,0.75,0.5483002673915305,III-IV,0,0.0,3,1,0.0,0.5483002673915305
CD34_SELL,Endothelial cell venous,T cell CD4,5,5.0,2.734747859840499,True,False,Hu_Zhang_2023_NSCLC;Kim_Lee_2020;Lambrechts_Thienpont_2018_6149v2;Maynard_Bivona_2020;Zilionis_Klein_2019,1.0,0.5469495719680998,III-IV,0,0.0,5,1,0.0,0.5469495719680998
ANXA1_FPR1,T cell NK-like,cDC2,3,3.0,1.6336180457137381,False,True,Hu_Zhang_2023_NSCLC;Kim_Lee_2020;Lambrechts_Thienpont_2018_6149v2,1.0,0.5445393485712461,III-IV,0,0.0,4,1,0.0,0.5445393485712461
ANXA1_FPR3,T cell NK-like,Macrophage,3,3.0,1.632994398826804,False,True,Hu_Zhang_2023_NSCLC;Kim_Lee_2020;Lambrechts_Thienpont_2018_6149v2,1.0,0.5443314662756014,III-IV,0,0.0,4,1,0.0,0.5443314662756014
HLA-E_CD94:NKG2A,T cell NK-like,T cell CD8 terminally exhausted,3,2.0,1.6321256649913047,False,False,Hu_Zhang_2023_NSCLC;Lambrechts_Thienpont_2018_6149v2,0.6666666666666666,0.5440418883304349,III-IV,0,0.0,4,1,0.0,0.5440418883304349
CD44_SELE,Mast cell,Endothelial cell venous,5,4.0,2.7190969449642433,True,False,Hu_Zhang_2023_NSCLC;Kim_Lee_2020;Maynard_Bivona_2020;Zilionis_Klein_2019,0.8,0.5438193889928487,III-IV,0,0.0,5,1,0.0,0.5438193889928487
LCK_CD8_receptor,T cell regulatory,T cell NK-like,3,3.0,1.6223177546078391,True,False,Hu_Zhang_2023_NSCLC;Kim_Lee_2020;Lambrechts_Thienpont_2018_6149v2,1.0,0.5407725848692797,III-IV,0,0.0,4,1,0.0,0.5407725848692797
CD52_SIGLEC10,T cell CD8 naive,Macrophage,4,3.0,2.157413567310909,True,True,Hu_Zhang_2023_NSCLC;Lambrechts_Thienpont_2018_6149v2;Maynard_Bivona_2020,0.75,0.5393533918277272,III-IV,0,0.0,3,1,0.0,0.5393533918277272
LCK_CD8_receptor,T cell CD8 terminally exhausted,T cell NK-like,3,3.0,1.615066969781946,True,False,Hu_Zhang_2023_NSCLC;Kim_Lee_2020;Lambrechts_Thienpont_2018_6149v2,1.0,0.538355656593982,III-IV,0,0.0,4,1,0.0,0.538355656593982
PTPRC_MRC1,T cell NK-like,myeloid dividing,3,2.0,1.6122631836861565,False,True,Hu_Zhang_2023_NSCLC;Kim_Lee_2020,0.6666666666666666,0.5374210612287188,III-IV,0,0.0,3,1,0.0,0.5374210612287188
LCK_CD8_receptor,T cell NK-like,T cell CD8 dividing,3,3.0,1.6074014748293317,True,False,Hu_Zhang_2023_NSCLC;Kim_Lee_2020;Lambrechts_Thienpont_2018_6149v2,1.0,0.5358004916097773,III-IV,0,0.0,4,1,0.0,0.5358004916097773
CCL2_ACKR1,Fibroblast peribronchial,Endothelial cell venous,5,4.0,2.6766531962225297,True,True,Hu_Zhang_2023_NSCLC;Kim_Lee_2020;Lambrechts_Thienpont_2018_6149v2;Maynard_Bivona_2020,0.8,0.535330639244506,III-IV,0,0.0,3,1,0.0,0.535330639244506
HLA-E_KLRK1,Endothelial cell venous,NK cell,5,3.0,2.6715691539372575,True,True,Lambrechts_Thienpont_2018_6149v2;Maynard_Bivona_2020;Zilionis_Klein_2019,0.6,0.5343138307874515,III-IV,0,0.0,4,1,0.0,0.5343138307874515
HLA-E_CD94:NKG2A,T cell NK-like,T cell CD8 dividing,3,2.0,1.602447439873092,False,False,Hu_Zhang_2023_NSCLC;Lambrechts_Thienpont_2018_6149v2,0.6666666666666666,0.534149146624364,III-IV,0,0.0,4,1,0.0,0.534149146624364
PTPRC_MRC1,T cell CD8 naive,myeloid dividing,4,3.0,2.13152066205191,False,True,Hu_Zhang_2023_NSCLC;Kim_Lee_2020;Maynard_Bivona_2020,0.75,0.5328801655129775,III-IV,0,0.0,2,1,0.0,0.5328801655129775
PODXL_SELL,Endothelial cell venous,T cell regulatory,5,5.0,2.6544047291893773,True,False,Hu_Zhang_2023_NSCLC;Kim_Lee_2020;Lambrechts_Thienpont_2018_6149v2;Maynard_Bivona_2020;Zilionis_Klein_2019,1.0,0.5308809458378755,III-IV,0,0.0,5,1,0.0,0.5308809458378755
VEGFA_FLT1,Pericyte,Endothelial cell venous,3,3.0,1.588278443200374,False,True,Hu_Zhang_2023_NSCLC;Lambrechts_Thienpont_2018_6149v2;Maynard_Bivona_2020,1.0,0.529426147733458,III-IV,0,0.0,2,1,0.0,0.529426147733458
HLA-E_KLRK1,Endothelial cell venous,T cell CD8 effector memory,5,3.0,2.637658475265093,True,True,Lambrechts_Thienpont_2018_6149v2;Maynard_Bivona_2020;Zilionis_Klein_2019,0.6,0.5275316950530187,III-IV,0,0.0,5,1,0.0,0.5275316950530187
CD44_TYROBP,T cell NK-like,Mast cell,3,2.0,1.5774047095058696,False,True,Kim_Lee_2020;Lambrechts_Thienpont_2018_6149v2,0.6666666666666666,0.5258015698352899,III-IV,0,0.0,4,1,0.0,0.5258015698352899
CD52_SIGLEC10,T cell NK-like,myeloid dividing,3,2.0,1.5697753419693812,True,False,Kim_Lee_2020;Lambrechts_Thienpont_2018_6149v2,0.6666666666666666,0.5232584473231271,III-IV,0,0.0,3,1,0.0,0.5232584473231271
CD99_PILRA,Endothelial cell venous,Macrophage alveolar,5,4.0,2.593150232077579,True,True,Hu_Zhang_2023_NSCLC;Kim_Lee_2020;Lambrechts_Thienpont_2018_6149v2;Maynard_Bivona_2020,0.8,0.5186300464155158,III-IV,0,0.0,3,1,0.0,0.5186300464155158
HLA-E_CD94:NKG2C,T cell NK-like,T cell CD8 terminally exhausted,3,2.0,1.551820394202581,False,False,Hu_Zhang_2023_NSCLC;Lambrechts_Thienpont_2018_6149v2,0.6666666666666666,0.5172734647341937,III-IV,0,0.0,4,1,0.0,0.5172734647341937
NECTIN2_TIGIT,Endothelial cell venous,T cell CD8 dividing,4,4.0,2.063863480953848,True,True,Hu_Zhang_2023_NSCLC;Kim_Lee_2020;Lambrechts_Thienpont_2018_6149v2;Maynard_Bivona_2020,1.0,0.515965870238462,III-IV,0,0.0,3,1,0.0,0.515965870238462
LCK_CD8_receptor,T cell CD8 effector memory,T cell CD8 naive,4,4.0,2.0602229024706897,True,False,Hu_Zhang_2023_NSCLC;Kim_Lee_2020;Lambrechts_Thienpont_2018_6149v2;Maynard_Bivona_2020,1.0,0.5150557256176724,III-IV,0,0.0,3,1,0.0,0.5150557256176724
HLA-E_CD94:NKG2C,T cell NK-like,T cell CD8 dividing,3,2.0,1.5312916245126096,False,False,Hu_Zhang_2023_NSCLC;Lambrechts_Thienpont_2018_6149v2,0.6666666666666666,0.5104305415042032,III-IV,0,0.0,4,1,0.0,0.5104305415042032
ADM_RAMP3,myeloid dividing,Endothelial cell venous,4,3.0,2.032875179967745,True,True,Kim_Lee_2020;Lambrechts_Thienpont_2018_6149v2;Maynard_Bivona_2020,0.75,0.5082187949919362,III-IV,0,0.0,2,1,0.0,0.5082187949919362
CCL2_ACKR1,Endothelial cell venous,Endothelial cell venous,5,4.0,2.5404566213824613,False,True,Hu_Zhang_2023_NSCLC;Kim_Lee_2020;Maynard_Bivona_2020;Zilionis_Klein_2019,0.8,0.5080913242764923,III-IV,0,0.0,5,1,0.0,0.5080913242764923
CD52_SIGLEC10,T cell NK-like,Macrophage,3,2.0,1.5169980706430302,True,True,Hu_Zhang_2023_NSCLC;Lambrechts_Thienpont_2018_6149v2,0.6666666666666666,0.5056660235476768,III-IV,0,0.0,4,1,0.0,0.5056660235476768
CD34_SELL,Endothelial cell venous,Monocyte classical,5,5.0,2.5241779065710612,True,False,Hu_Zhang_2023_NSCLC;Kim_Lee_2020;Lambrechts_Thienpont_2018_6149v2;Maynard_Bivona_2020;Zilionis_Klein_2019,1.0,0.5048355813142122,III-IV,0,0.0,5,1,0.0,0.5048355813142122
COL4A1_ADGRG6,Endothelial cell venous,Pericyte,3,2.0,1.502671374552558,True,False,Hu_Zhang_2023_NSCLC;Maynard_Bivona_2020,0.6666666666666666,0.500890458184186,III-IV,0,0.0,2,1,0.0,0.500890458184186
APP_TNFRSF21,Endothelial cell venous,myeloid dividing,4,3.0,1.9994656842065126,True,True,Hu_Zhang_2023_NSCLC;Kim_Lee_2020;Maynard_Bivona_2020,0.75,0.49986642105162815,III-IV,0,0.0,2,1,0.0,0.49986642105162815
ANXA1_FPR1,Endothelial cell venous,Monocyte classical,5,4.0,2.4942055872557853,True,True,Hu_Zhang_2023_NSCLC;Kim_Lee_2020;Lambrechts_Thienpont_2018_6149v2;Maynard_Bivona_2020,0.8,0.49884111745115706,III-IV,0,0.0,5,1,0.0,0.49884111745115706
LCK_CD8_receptor,T cell CD8 dividing,T cell NK-like,3,3.0,1.4945277890913944,True,False,Hu_Zhang_2023_NSCLC;Kim_Lee_2020;Lambrechts_Thienpont_2018_6149v2,1.0,0.4981759296971315,III-IV,0,0.0,4,1,0.0,0.4981759296971315
VEGFA_FLT1,myeloid dividing,Endothelial cell venous,4,4.0,1.982798728413326,True,True,Hu_Zhang_2023_NSCLC;Kim_Lee_2020;Lambrechts_Thienpont_2018_6149v2;Maynard_Bivona_2020,1.0,0.4956996821033315,III-IV,0,0.0,2,1,0.0,0.4956996821033315
COL4A2_ADGRG6,Endothelial cell venous,Pericyte,3,2.0,1.48594216562056,True,False,Hu_Zhang_2023_NSCLC;Maynard_Bivona_2020,0.6666666666666666,0.49531405520685334,III-IV,0,0.0,2,1,0.0,0.49531405520685334
PGF_NRP1,Pericyte,Endothelial cell venous,3,3.0,1.4658787577051857,True,True,Hu_Zhang_2023_NSCLC;Lambrechts_Thienpont_2018_6149v2;Maynard_Bivona_2020,1.0,0.48862625256839526,III-IV,0,0.0,2,1,0.0,0.48862625256839526
LCK_CD8_receptor,T cell NK-like,T cell NK-like,3,3.0,1.4604012321310167,True,False,Hu_Zhang_2023_NSCLC;Kim_Lee_2020;Lambrechts_Thienpont_2018_6149v2,1.0,0.4868004107103389,III-IV,0,0.0,4,1,0.0,0.4868004107103389
VEGFA_FLT1,cDC2,Endothelial cell venous,5,5.0,2.4290214643830077,True,True,Hu_Zhang_2023_NSCLC;Kim_Lee_2020;Lambrechts_Thienpont_2018_6149v2;Maynard_Bivona_2020;Zilionis_Klein_2019,1.0,0.48580429287660154,III-IV,0,0.0,5,1,0.0,0.48580429287660154
LCK_CD8_receptor,T cell CD8 naive,T cell CD8 naive,4,4.0,1.9214842211029652,True,False,Hu_Zhang_2023_NSCLC;Kim_Lee_2020;Lambrechts_Thienpont_2018_6149v2;Maynard_Bivona_2020,1.0,0.4803710552757413,III-IV,0,0.0,3,1,0.0,0.4803710552757413
VEGFA_FLT1,Mast cell,Endothelial cell venous,5,4.0,2.398453743870739,True,True,Hu_Zhang_2023_NSCLC;Kim_Lee_2020;Maynard_Bivona_2020;Zilionis_Klein_2019,0.8,0.47969074877414786,III-IV,0,0.0,5,1,0.0,0.47969074877414786
APP_CD74,Macrophage,T cell CD8 dividing,4,2.0,1.913279937986522,True,True,Hu_Zhang_2023_NSCLC;Maynard_Bivona_2020,0.5,0.4783199844966305,III-IV,0,0.0,4,1,0.0,0.4783199844966305
CCL2_ACKR1,Monocyte classical,Endothelial cell venous,5,4.0,2.3891831391642953,False,True,Hu_Zhang_2023_NSCLC;Kim_Lee_2020;Lambrechts_Thienpont_2018_6149v2;Maynard_Bivona_2020,0.8,0.4778366278328591,III-IV,0,0.0,5,1,0.0,0.4778366278328591
ANXA1_FPR1,Endothelial cell venous,myeloid dividing,4,3.0,1.901609503575289,True,True,Hu_Zhang_2023_NSCLC;Kim_Lee_2020;Maynard_Bivona_2020,0.75,0.4754023758938222,III-IV,0,0.0,2,1,0.0,0.4754023758938222
APP_CD74,Macrophage alveolar,T cell CD8 dividing,4,2.0,1.9000645433166508,True,True,Hu_Zhang_2023_NSCLC;Maynard_Bivona_2020,0.5,0.4750161358291627,III-IV,0,0.0,3,1,0.0,0.4750161358291627
CD34_SELP,Endothelial cell venous,Endothelial cell venous,5,4.0,2.3569290086576506,True,True,Hu_Zhang_2023_NSCLC;Kim_Lee_2020;Lambrechts_Thienpont_2018_6149v2;Maynard_Bivona_2020,0.8,0.4713858017315301,III-IV,0,0.0,5,1,0.0,0.4713858017315301
LCK_CD8_receptor,T cell CD8 naive,T cell NK-like,3,3.0,1.412635141941756,True,False,Hu_Zhang_2023_NSCLC;Kim_Lee_2020;Lambrechts_Thienpont_2018_6149v2,1.0,0.470878380647252,III-IV,0,0.0,3,1,0.0,0.470878380647252
CD44_SELE,myeloid dividing,Endothelial cell venous,4,3.0,1.8812059457559813,True,False,Hu_Zhang_2023_NSCLC;Kim_Lee_2020;Maynard_Bivona_2020,0.75,0.47030148643899533,III-IV,0,0.0,2,1,0.0,0.47030148643899533
ANXA1_FPR3,Endothelial cell venous,Macrophage,5,5.0,2.349590010078235,True,True,Hu_Zhang_2023_NSCLC;Kim_Lee_2020;Lambrechts_Thienpont_2018_6149v2;Maynard_Bivona_2020;Zilionis_Klein_2019,1.0,0.46991800201564704,III-IV,0,0.0,5,1,0.0,0.46991800201564704
ANXA1_FPR1,Endothelial cell venous,cDC2,5,4.0,2.3492286629628953,True,True,Hu_Zhang_2023_NSCLC;Kim_Lee_2020;Lambrechts_Thienpont_2018_6149v2;Maynard_Bivona_2020,0.8,0.46984573259257906,III-IV,0,0.0,5,1,0.0,0.46984573259257906
LCK_CD8_receptor,T cell CD8 effector memory,T cell NK-like,3,3.0,1.398172506382967,True,False,Hu_Zhang_2023_NSCLC;Kim_Lee_2020;Lambrechts_Thienpont_2018_6149v2,1.0,0.4660575021276557,III-IV,0,0.0,4,1,0.0,0.4660575021276557
ANXA1_FPR1,T cell CD8 naive,myeloid dividing,4,3.0,1.8620866784313095,False,True,Hu_Zhang_2023_NSCLC;Kim_Lee_2020;Maynard_Bivona_2020,0.75,0.46552166960782737,III-IV,0,0.0,2,1,0.0,0.46552166960782737
PECAM1_CD38,Endothelial cell venous,Macrophage,5,3.0,2.322507869839554,True,False,Hu_Zhang_2023_NSCLC;Lambrechts_Thienpont_2018_6149v2;Maynard_Bivona_2020,0.6,0.4645015739679108,III-IV,0,0.0,5,1,0.0,0.4645015739679108
CD34_SELL,Endothelial cell venous,T cell CD8 naive,4,3.0,1.8559259001152602,True,False,Hu_Zhang_2023_NSCLC;Kim_Lee_2020;Maynard_Bivona_2020,0.75,0.46398147502881504,III-IV,0,0.0,2,1,0.0,0.46398147502881504
CLU_TREM2_receptor,Endothelial cell venous,myeloid dividing,4,4.0,1.8379056109310974,True,False,Hu_Zhang_2023_NSCLC;Kim_Lee_2020;Lambrechts_Thienpont_2018_6149v2;Maynard_Bivona_2020,1.0,0.45947640273277435,III-IV,0,0.0,2,1,0.0,0.45947640273277435
HLA-E_CD94:NKG2C,T cell NK-like,NK cell,3,2.0,1.367943467811982,False,False,Kim_Lee_2020;Lambrechts_Thienpont_2018_6149v2,0.6666666666666666,0.4559811559373273,III-IV,0,0.0,4,1,0.0,0.4559811559373273
CD34_SELL,Endothelial cell venous,NK cell,5,4.0,2.2744537898412336,True,False,Hu_Zhang_2023_NSCLC;Kim_Lee_2020;Maynard_Bivona_2020;Zilionis_Klein_2019,0.8,0.45489075796824674,III-IV,0,0.0,4,1,0.0,0.45489075796824674
CD320_JAML,Endothelial cell venous,cDC2,5,4.0,2.2740884911915566,True,True,Hu_Zhang_2023_NSCLC;Kim_Lee_2020;Lambrechts_Thienpont_2018_6149v2;Maynard_Bivona_2020,0.8,0.4548176982383113,III-IV,0,0.0,5,1,0.0,0.4548176982383113
CD99_PILRA,Endothelial cell venous,Macrophage,5,3.0,2.271205242525797,True,True,Hu_Zhang_2023_NSCLC;Lambrechts_Thienpont_2018_6149v2;Maynard_Bivona_2020,0.6,0.4542410485051594,III-IV,0,0.0,5,1,0.0,0.4542410485051594
PVR_TIGIT,Endothelial cell venous,T cell regulatory,5,4.0,2.271202073411028,True,True,Hu_Zhang_2023_NSCLC;Kim_Lee_2020;Lambrechts_Thienpont_2018_6149v2;Maynard_Bivona_2020,0.8,0.4542404146822056,III-IV,0,0.0,5,1,0.0,0.4542404146822056
HLA-E_KLRK1,Endothelial cell venous,T cell CD8 terminally exhausted,4,2.0,1.8164037305539074,True,True,Lambrechts_Thienpont_2018_6149v2;Maynard_Bivona_2020,0.5,0.45410093263847684,III-IV,0,0.0,3,1,0.0,0.45410093263847684
CXCL12_CXCR4,Endothelial cell venous,T cell CD8 naive,4,2.0,1.8147987040832567,False,True,Hu_Zhang_2023_NSCLC;Maynard_Bivona_2020,0.5,0.4536996760208142,III-IV,0,0.0,2,1,0.0,0.4536996760208142
CCL5_ACKR1,myeloid dividing,Endothelial cell venous,4,3.0,1.8143472378643535,False,True,Hu_Zhang_2023_NSCLC;Kim_Lee_2020;Maynard_Bivona_2020,0.75,0.45358680946608837,III-IV,0,0.0,2,1,0.0,0.45358680946608837
CXCL14_CXCR4,myeloid dividing,T cell CD8 naive,4,2.0,1.8073711114447162,True,True,Hu_Zhang_2023_NSCLC;Maynard_Bivona_2020,0.5,0.45184277786117905,III-IV,0,0.0,2,1,0.0,0.45184277786117905
HLA-E_KLRK1,T cell CD8 naive,NK cell,4,2.0,1.8048061011252106,False,True,Lambrechts_Thienpont_2018_6149v2;Maynard_Bivona_2020,0.5,0.45120152528130264,III-IV,0,0.0,3,1,0.0,0.45120152528130264
PVR_TIGIT,Endothelial cell venous,T cell CD4 dividing,2,2.0,0.9015894399859514,True,True,Hu_Zhang_2023_NSCLC;Maynard_Bivona_2020,1.0,0.4507947199929757,III-IV,0,0.0,2,1,0.0,0.4507947199929757
ANXA1_FPR3,Endothelial cell venous,myeloid dividing,4,3.0,1.8003616470203991,True,True,Hu_Zhang_2023_NSCLC;Kim_Lee_2020;Maynard_Bivona_2020,0.75,0.4500904117550998,III-IV,0,0.0,2,1,0.0,0.4500904117550998
APP_CD74,myeloid dividing,Endothelial cell venous,4,2.0,1.7966120039296745,True,True,Hu_Zhang_2023_NSCLC;Kim_Lee_2020,0.5,0.4491530009824186,III-IV,0,0.0,2,1,0.0,0.4491530009824186
HLA-E_KLRK1,Endothelial cell venous,T cell CD8 naive,4,2.0,1.7938861595049516,True,True,Lambrechts_Thienpont_2018_6149v2;Maynard_Bivona_2020,0.5,0.4484715398762379,III-IV,0,0.0,2,1,0.0,0.4484715398762379
HLA-E_KLRK1,Endothelial cell venous,T cell CD8 dividing,4,2.0,1.7896643164889598,True,True,Lambrechts_Thienpont_2018_6149v2;Maynard_Bivona_2020,0.5,0.44741607912223996,III-IV,0,0.0,3,1,0.0,0.44741607912223996
CXCL14_CXCR4,T cell CD8 dividing,T cell CD8 naive,4,2.0,1.7893567555376706,False,True,Hu_Zhang_2023_NSCLC;Maynard_Bivona_2020,0.5,0.44733918888441765,III-IV,0,0.0,3,1,0.0,0.44733918888441765
HLA-E_KLRC1,T cell CD8 naive,NK cell,4,2.0,1.7851289679980247,False,True,Lambrechts_Thienpont_2018_6149v2;Maynard_Bivona_2020,0.5,0.44628224199950617,III-IV,0,0.0,3,1,0.0,0.44628224199950617
PODXL_SELL,Endothelial cell venous,T cell CD4,5,5.0,2.2205310412852346,True,False,Hu_Zhang_2023_NSCLC;Kim_Lee_2020;Lambrechts_Thienpont_2018_6149v2;Maynard_Bivona_2020;Zilionis_Klein_2019,1.0,0.44410620825704694,III-IV,0,0.0,5,1,0.0,0.44410620825704694
VEGFA_FLT1,Macrophage,Endothelial cell venous,5,5.0,2.2189529793695497,True,True,Hu_Zhang_2023_NSCLC;Kim_Lee_2020;Lambrechts_Thienpont_2018_6149v2;Maynard_Bivona_2020;Zilionis_Klein_2019,1.0,0.44379059587390995,III-IV,0,0.0,5,1,0.0,0.44379059587390995
ADM_RAMP3,Macrophage,Endothelial cell venous,5,4.0,2.205665690228411,True,True,Kim_Lee_2020;Lambrechts_Thienpont_2018_6149v2;Maynard_Bivona_2020;Zilionis_Klein_2019,0.8,0.4411331380456822,III-IV,0,0.0,5,1,0.0,0.4411331380456822
CD99_PILRA,Endothelial cell venous,Monocyte classical,5,3.0,2.1970404512443213,True,True,Hu_Zhang_2023_NSCLC;Lambrechts_Thienpont_2018_6149v2;Maynard_Bivona_2020,0.6,0.4394080902488643,III-IV,0,0.0,5,1,0.0,0.4394080902488643
LCK_CD8_receptor,T cell CD8 naive,T cell CD8 effector memory,4,3.0,1.7557513092685135,True,False,Hu_Zhang_2023_NSCLC;Kim_Lee_2020;Maynard_Bivona_2020,0.75,0.4389378273171284,III-IV,0,0.0,3,1,0.0,0.4389378273171284
HLA-E_KLRK1,T cell CD8 naive,T cell CD8 terminally exhausted,4,2.0,1.7504975546112256,False,True,Lambrechts_Thienpont_2018_6149v2;Maynard_Bivona_2020,0.5,0.4376243886528064,III-IV,0,0.0,3,1,0.0,0.4376243886528064
CCL5_ACKR1,Macrophage,Endothelial cell venous,5,4.0,2.186375379357605,False,True,Hu_Zhang_2023_NSCLC;Kim_Lee_2020;Lambrechts_Thienpont_2018_6149v2;Maynard_Bivona_2020,0.8,0.437275075871521,III-IV,0,0.0,5,1,0.0,0.437275075871521
ANXA1_FPR3,T cell CD8 naive,myeloid dividing,4,3.0,1.7303549578375557,False,True,Hu_Zhang_2023_NSCLC;Kim_Lee_2020;Maynard_Bivona_2020,0.75,0.4325887394593889,III-IV,0,0.0,2,1,0.0,0.4325887394593889
CCL5_CCR1,T cell CD8 naive,T cell CD8 dividing,4,2.0,1.7198293876423874,True,False,Hu_Zhang_2023_NSCLC;Maynard_Bivona_2020,0.5,0.42995734691059684,III-IV,0,0.0,3,1,0.0,0.42995734691059684
CD44_TYROBP,Mast cell,T cell NK-like,3,2.0,1.2828353663336225,True,False,Hu_Zhang_2023_NSCLC;Kim_Lee_2020,0.6666666666666666,0.42761178877787415,III-IV,0,0.0,4,1,0.0,0.42761178877787415
LCK_CD8_receptor,T cell NK-like,T cell CD8 naive,3,3.0,1.282387553028883,True,False,Hu_Zhang_2023_NSCLC;Kim_Lee_2020;Lambrechts_Thienpont_2018_6149v2,1.0,0.42746251767629434,III-IV,0,0.0,3,1,0.0,0.42746251767629434
HLA-E_KLRK1,T cell CD8 naive,T cell CD8 dividing,4,2.0,1.7056704179827293,False,True,Lambrechts_Thienpont_2018_6149v2;Maynard_Bivona_2020,0.5,0.42641760449568233,III-IV,0,0.0,3,1,0.0,0.42641760449568233
GAS6_AXL,Endothelial cell venous,Pericyte,3,2.0,1.27643983895678,True,True,Hu_Zhang_2023_NSCLC;Maynard_Bivona_2020,0.6666666666666666,0.42547994631892666,III-IV,0,0.0,2,1,0.0,0.42547994631892666
EDN1_EDNRA,Endothelial cell venous,Pericyte,3,2.0,1.2702863600001946,True,True,Hu_Zhang_2023_NSCLC;Maynard_Bivona_2020,0.6666666666666666,0.4234287866667315,III-IV,0,0.0,2,1,0.0,0.4234287866667315
ANXA1_FPR1,T cell NK-like,myeloid dividing,3,2.0,1.260933133567064,False,True,Hu_Zhang_2023_NSCLC;Kim_Lee_2020,0.6666666666666666,0.4203110445223546,III-IV,0,0.0,3,1,0.0,0.4203110445223546
APP_FPR2,Endothelial cell venous,Monocyte classical,5,3.0,2.0922443567663267,True,False,Hu_Zhang_2023_NSCLC;Lambrechts_Thienpont_2018_6149v2;Maynard_Bivona_2020,0.6,0.41844887135326536,III-IV,0,0.0,5,1,0.0,0.41844887135326536
JAG1_NOTCH4,Pericyte,Endothelial cell venous,3,3.0,1.2504560929730313,True,True,Hu_Zhang_2023_NSCLC;Lambrechts_Thienpont_2018_6149v2;Maynard_Bivona_2020,1.0,0.4168186976576771,III-IV,0,0.0,2,1,0.0,0.4168186976576771
CXCL8_ACKR1,Endothelial cell venous,Endothelial cell venous,5,4.0,2.075743121889343,False,True,Hu_Zhang_2023_NSCLC;Kim_Lee_2020;Maynard_Bivona_2020;Zilionis_Klein_2019,0.8,0.41514862437786865,III-IV,0,0.0,5,1,0.0,0.41514862437786865
CD99_PILRA,T cell NK-like,Macrophage alveolar,3,2.0,1.2284639132818778,False,True,Hu_Zhang_2023_NSCLC;Kim_Lee_2020,0.6666666666666666,0.40948797109395924,III-IV,0,0.0,3,1,0.0,0.40948797109395924
ADM_RAMP3,Monocyte classical,Endothelial cell venous,5,3.0,2.042891462486613,True,True,Kim_Lee_2020;Lambrechts_Thienpont_2018_6149v2;Maynard_Bivona_2020,0.6,0.4085782924973226,III-IV,0,0.0,5,1,0.0,0.4085782924973226
CD99_PILRA,Endothelial cell venous,cDC2,5,3.0,2.0374740358518544,True,True,Hu_Zhang_2023_NSCLC;Lambrechts_Thienpont_2018_6149v2;Maynard_Bivona_2020,0.6,0.4074948071703709,III-IV,0,0.0,5,1,0.0,0.4074948071703709
CD44_SELE,Monocyte classical,Endothelial cell venous,5,3.0,2.0310959650283094,True,False,Hu_Zhang_2023_NSCLC;Kim_Lee_2020;Maynard_Bivona_2020,0.6,0.4062191930056619,III-IV,0,0.0,5,1,0.0,0.4062191930056619
LCK_CD8_receptor,T cell CD8 activated,T cell NK-like,2,2.0,0.8102519386271395,False,False,Hu_Zhang_2023_NSCLC;Kim_Lee_2020,1.0,0.40512596931356976,III-IV,0,0.0,3,1,0.0,0.40512596931356976
CD44_TYROBP,Endothelial cell venous,myeloid dividing,4,2.0,1.6155372704438034,False,True,Hu_Zhang_2023_NSCLC;Kim_Lee_2020,0.5,0.40388431761095084,III-IV,0,0.0,2,1,0.0,0.40388431761095084
PODXL_SELL,Endothelial cell venous,Monocyte classical,5,5.0,2.018121381506939,True,False,Hu_Zhang_2023_NSCLC;Kim_Lee_2020;Lambrechts_Thienpont_2018_6149v2;Maynard_Bivona_2020;Zilionis_Klein_2019,1.0,0.40362427630138786,III-IV,0,0.0,5,1,0.0,0.40362427630138786
CD34_SELL,Endothelial cell venous,T cell CD8 activated,3,2.0,1.208955877678015,True,False,Hu_Zhang_2023_NSCLC;Zilionis_Klein_2019,0.6666666666666666,0.4029852925593383,III-IV,0,0.0,3,1,0.0,0.4029852925593383
CD52_SIGLEC10,T cell CD8 naive,Mast cell,4,2.0,1.6011014909739394,True,False,Kim_Lee_2020;Maynard_Bivona_2020,0.5,0.40027537274348485,III-IV,0,0.0,3,1,0.0,0.40027537274348485
ANXA1_FPR1,T cell CD8 naive,Macrophage,4,3.0,1.6006646550988761,False,True,Hu_Zhang_2023_NSCLC;Lambrechts_Thienpont_2018_6149v2;Maynard_Bivona_2020,0.75,0.40016616377471903,III-IV,0,0.0,3,1,0.0,0.40016616377471903
HLA-E_CD94:NKG2A,T cell CD8 naive,T cell CD8 terminally exhausted,4,2.0,1.5983756978114154,False,False,Hu_Zhang_2023_NSCLC;Lambrechts_Thienpont_2018_6149v2,0.5,0.39959392445285385,III-IV,0,0.0,3,1,0.0,0.39959392445285385
CXCL16_CXCR6,Macrophage,T cell CD8 naive,4,3.0,1.5850235601073175,True,False,Hu_Zhang_2023_NSCLC;Lambrechts_Thienpont_2018_6149v2;Maynard_Bivona_2020,0.75,0.39625589002682937,III-IV,0,0.0,3,1,0.0,0.39625589002682937
ANXA1_FPR3,T cell NK-like,Macrophage alveolar,3,2.0,1.1883398749752554,False,True,Hu_Zhang_2023_NSCLC;Kim_Lee_2020,0.6666666666666666,0.39611329165841846,III-IV,0,0.0,3,1,0.0,0.39611329165841846
ANXA1_FPR3,T cell NK-like,myeloid dividing,3,2.0,1.1877700771967339,False,True,Hu_Zhang_2023_NSCLC;Kim_Lee_2020,0.6666666666666666,0.39592335906557796,III-IV,0,0.0,3,1,0.0,0.39592335906557796
CD52_SIGLEC10,T cell CD4 dividing,B cell,2,2.0,1.2136565207862609,True,False,Hu_Zhang_2023_NSCLC;Maynard_Bivona_2020,1.0,0.6068282603931304,III-IV,0,0.2121411713046819,3,1,0.2121411713046819,0.3946870890884485
CCL2_ACKR1,Pericyte,Endothelial cell venous,3,2.0,1.1838265215345556,False,True,Hu_Zhang_2023_NSCLC;Maynard_Bivona_2020,0.6666666666666666,0.3946088405115185,III-IV,0,0.0,2,1,0.0,0.3946088405115185
PGF_FLT1_complex,Pericyte,Endothelial cell venous,3,3.0,1.1828747750863695,True,False,Hu_Zhang_2023_NSCLC;Lambrechts_Thienpont_2018_6149v2;Maynard_Bivona_2020,1.0,0.3942915916954565,III-IV,0,0.0,2,1,0.0,0.3942915916954565
PTPRC_MRC1,T cell CD8 naive,cDC2,4,2.0,1.576775256858538,False,True,Hu_Zhang_2023_NSCLC;Maynard_Bivona_2020,0.5,0.3941938142146345,III-IV,0,0.0,3,1,0.0,0.3941938142146345
APP_FPR2,Endothelial cell venous,Macrophage,5,3.0,1.968709766654956,True,False,Hu_Zhang_2023_NSCLC;Lambrechts_Thienpont_2018_6149v2;Maynard_Bivona_2020,0.6,0.3937419533309912,III-IV,0,0.0,5,1,0.0,0.3937419533309912
LCK_CD8_receptor,T cell CD8 naive,T cell CD8 dividing,4,3.0,1.5730042493510128,True,False,Hu_Zhang_2023_NSCLC;Kim_Lee_2020;Lambrechts_Thienpont_2018_6149v2,0.75,0.3932510623377532,III-IV,0,0.0,3,1,0.0,0.3932510623377532
LCK_CD8_receptor,T cell CD4,T cell NK-like,3,3.0,1.1794495248906223,False,False,Hu_Zhang_2023_NSCLC;Kim_Lee_2020;Lambrechts_Thienpont_2018_6149v2,1.0,0.39314984163020744,III-IV,0,0.0,4,1,0.0,0.39314984163020744
HLA-E_CD94:NKG2E,T cell CD8 naive,NK cell,4,2.0,1.5662210635137677,False,False,Lambrechts_Thienpont_2018_6149v2;Maynard_Bivona_2020,0.5,0.3915552658784419,III-IV,0,0.0,3,1,0.0,0.3915552658784419
HLA-E_CD94:NKG2A,T cell CD8 naive,T cell CD8 dividing,4,2.0,1.5621028184700596,False,False,Hu_Zhang_2023_NSCLC;Lambrechts_Thienpont_2018_6149v2,0.5,0.3905257046175149,III-IV,0,0.0,3,1,0.0,0.3905257046175149
VEGFA_FLT1,Fibroblast peribronchial,Endothelial cell venous,5,5.0,1.9507335702944923,True,True,Hu_Zhang_2023_NSCLC;Kim_Lee_2020;Lambrechts_Thienpont_2018_6149v2;Maynard_Bivona_2020;Zilionis_Klein_2019,1.0,0.39014671405889845,III-IV,0,0.0,3,1,0.0,0.39014671405889845
CXCL1_ACKR1,Macrophage,Endothelial cell venous,5,3.0,1.948949248367315,False,True,Hu_Zhang_2023_NSCLC;Kim_Lee_2020;Maynard_Bivona_2020,0.6,0.389789849673463,III-IV,0,0.0,5,1,0.0,0.389789849673463
CD44_TYROBP,Monocyte classical,T cell NK-like,3,2.0,1.1665389656434844,True,False,Hu_Zhang_2023_NSCLC;Kim_Lee_2020,0.6666666666666666,0.38884632188116147,III-IV,0,0.0,4,1,0.0,0.38884632188116147
CD99_PILRA,T cell CD4 dividing,myeloid dividing,2,2.0,1.231078003702553,True,True,Hu_Zhang_2023_NSCLC;Maynard_Bivona_2020,1.0,0.6155390018512765,III-IV,0,0.2281495982707288,3,1,0.2281495982707288,0.38738940358054774
ADM_RAMP3,Endothelial cell venous,Endothelial cell venous,5,3.0,1.9316076342072976,True,True,Kim_Lee_2020;Lambrechts_Thienpont_2018_6149v2;Maynard_Bivona_2020,0.6,0.38632152684145954,III-IV,0,0.0,5,1,0.0,0.38632152684145954
GJA1_GJA1,Endothelial cell venous,Endothelial cell venous,5,4.0,1.9274158996016917,True,True,Hu_Zhang_2023_NSCLC;Kim_Lee_2020;Lambrechts_Thienpont_2018_6149v2;Maynard_Bivona_2020,0.8,0.3854831799203383,III-IV,0,0.0,5,1,0.0,0.3854831799203383
COL4A2_ADGRG6,Fibroblast peribronchial,Endothelial cell venous,5,5.0,1.9253865839483861,True,False,Hu_Zhang_2023_NSCLC;Kim_Lee_2020;Lambrechts_Thienpont_2018_6149v2;Maynard_Bivona_2020;Zilionis_Klein_2019,1.0,0.3850773167896772,III-IV,0,0.0,3,1,0.0,0.3850773167896772
CCL5_CCR1,T cell CD8 activated,Macrophage alveolar,3,3.0,1.786960495999699,True,True,Hu_Zhang_2023_NSCLC;Kim_Lee_2020;Zilionis_Klein_2019,1.0,0.5956534986665664,III-IV,0,0.21243619298534497,4,1,0.21243619298534497,0.38321730568122137
PTPRC_CD22,T cell CD8 naive,B cell,4,2.0,1.5303836910205326,False,True,Hu_Zhang_2023_NSCLC;Maynard_Bivona_2020,0.5,0.38259592275513316,III-IV,0,0.0,3,1,0.0,0.38259592275513316
VEGFA_FLT1,Macrophage alveolar,Endothelial cell venous,5,5.0,1.908841349619361,False,True,Hu_Zhang_2023_NSCLC;Kim_Lee_2020;Lambrechts_Thienpont_2018_6149v2;Maynard_Bivona_2020;Zilionis_Klein_2019,1.0,0.3817682699238722,III-IV,0,0.0,3,1,0.0,0.3817682699238722
THBS1_CD36,Pericyte,Endothelial cell venous,3,2.0,1.1359293166123052,True,False,Hu_Zhang_2023_NSCLC;Maynard_Bivona_2020,0.6666666666666666,0.3786431055374351,III-IV,0,0.0,2,1,0.0,0.3786431055374351
HLA-E_CD94:NKG2C,T cell CD8 naive,T cell CD8 terminally exhausted,4,2.0,1.5080875269986143,False,False,Hu_Zhang_2023_NSCLC;Lambrechts_Thienpont_2018_6149v2,0.5,0.37702188174965356,III-IV,0,0.0,3,1,0.0,0.37702188174965356
TGM2_ADGRG1,Endothelial cell venous,Endothelial cell venous,5,4.0,1.8802746914986617,True,True,Hu_Zhang_2023_NSCLC;Kim_Lee_2020;Lambrechts_Thienpont_2018_6149v2;Maynard_Bivona_2020,0.8,0.37605493829973236,III-IV,0,0.0,5,1,0.0,0.37605493829973236
LCK_CD8_receptor,T cell NK-like,T cell CD8 effector memory,3,2.0,1.1233982942157885,True,False,Hu_Zhang_2023_NSCLC;Kim_Lee_2020,0.6666666666666666,0.3744660980719295,III-IV,0,0.0,4,1,0.0,0.3744660980719295
CLU_TREM2_receptor,Endothelial cell venous,Macrophage,5,4.0,1.8709615164337967,True,False,Hu_Zhang_2023_NSCLC;Kim_Lee_2020;Lambrechts_Thienpont_2018_6149v2;Maynard_Bivona_2020,0.8,0.37419230328675934,III-IV,0,0.0,5,1,0.0,0.37419230328675934
APP_TNFRSF21,Pericyte,Endothelial cell venous,3,2.0,1.122020648880419,True,False,Hu_Zhang_2023_NSCLC;Maynard_Bivona_2020,0.6666666666666666,0.3740068829601397,III-IV,0,0.0,2,1,0.0,0.3740068829601397
CD34_SELL,Endothelial cell venous,T cell CD8 dividing,4,2.0,1.488510070471757,True,False,Hu_Zhang_2023_NSCLC;Maynard_Bivona_2020,0.5,0.3721275176179393,III-IV,0,0.0,3,1,0.0,0.3721275176179393
HLA-E_CD94:NKG2C,T cell CD8 naive,T cell CD8 dividing,4,2.0,1.485719527621312,False,False,Hu_Zhang_2023_NSCLC;Lambrechts_Thienpont_2018_6149v2,0.5,0.371429881905328,III-IV,0,0.0,3,1,0.0,0.371429881905328
CD52_SIGLEC10,T cell CD8 naive,Monocyte classical,4,2.0,1.482494189132305,True,True,Hu_Zhang_2023_NSCLC;Maynard_Bivona_2020,0.5,0.3706235472830762,III-IV,0,0.0,3,1,0.0,0.3706235472830762
CXCL1_ACKR1,myeloid dividing,Endothelial cell venous,4,2.0,1.480513421417254,False,True,Kim_Lee_2020;Maynard_Bivona_2020,0.5,0.3701283553543135,III-IV,0,0.0,2,1,0.0,0.3701283553543135
CD44_TYROBP,Mast cell,T cell CD8 naive,4,2.0,1.475751167444036,True,False,Hu_Zhang_2023_NSCLC;Maynard_Bivona_2020,0.5,0.368937791861009,III-IV,0,0.0,3,1,0.0,0.368937791861009
LCK_CD8_receptor,NK cell,T cell NK-like,3,3.0,1.1048322924589797,False,False,Hu_Zhang_2023_NSCLC;Kim_Lee_2020;Lambrechts_Thienpont_2018_6149v2,1.0,0.3682774308196599,III-IV,0,0.0,4,1,0.0,0.3682774308196599
CD44_TYROBP,Macrophage alveolar,T cell NK-like,3,2.0,1.1026089863335622,True,False,Hu_Zhang_2023_NSCLC;Kim_Lee_2020,0.6666666666666666,0.3675363287778541,III-IV,0,0.0,3,1,0.0,0.3675363287778541
APP_TREM2_receptor,Endothelial cell venous,cDC2,5,3.0,1.8372115866302825,True,False,Kim_Lee_2020;Lambrechts_Thienpont_2018_6149v2;Maynard_Bivona_2020,0.6,0.3674423173260565,III-IV,0,0.0,5,1,0.0,0.3674423173260565
CD44_TYROBP,myeloid dividing,T cell NK-like,3,2.0,1.0972216360535914,True,False,Hu_Zhang_2023_NSCLC;Kim_Lee_2020,0.6666666666666666,0.3657405453511971,III-IV,0,0.0,3,1,0.0,0.3657405453511971
CXCL16_CXCR6,Macrophage,T cell NK-like,3,2.0,1.0955763053139902,True,False,Hu_Zhang_2023_NSCLC;Lambrechts_Thienpont_2018_6149v2,0.6666666666666666,0.36519210177133005,III-IV,0,0.0,4,1,0.0,0.36519210177133005
COL4A2_ADGRG6,Fibroblast peribronchial,Pericyte,3,2.0,1.0924121118568575,True,False,Hu_Zhang_2023_NSCLC;Maynard_Bivona_2020,0.6666666666666666,0.3641373706189525,III-IV,0,0.0,2,1,0.0,0.3641373706189525
VEGFA_NRP1,Monocyte classical,Endothelial cell venous,5,4.0,1.8185946656048753,True,True,Hu_Zhang_2023_NSCLC;Kim_Lee_2020;Lambrechts_Thienpont_2018_6149v2;Maynard_Bivona_2020,0.8,0.36371893312097503,III-IV,0,0.0,5,1,0.0,0.36371893312097503
VEGFA_NRP1,Mast cell,Endothelial cell venous,5,4.0,1.8121349589910831,True,True,Hu_Zhang_2023_NSCLC;Kim_Lee_2020;Maynard_Bivona_2020;Zilionis_Klein_2019,0.8,0.36242699179821664,III-IV,0,0.0,5,1,0.0,0.36242699179821664
CD34_SELL,Endothelial cell venous,cDC2,5,3.0,1.8020218887086603,True,False,Hu_Zhang_2023_NSCLC;Kim_Lee_2020;Maynard_Bivona_2020,0.6,0.36040437774173206,III-IV,0,0.0,5,1,0.0,0.36040437774173206
ADM_RAMP3,cDC2,Endothelial cell venous,5,3.0,1.7999148757144412,False,True,Kim_Lee_2020;Lambrechts_Thienpont_2018_6149v2;Maynard_Bivona_2020,0.6,0.35998297514288824,III-IV,0,0.0,5,1,0.0,0.35998297514288824
PTPRC_CD22,T cell CD8 naive,Mast cell,4,2.0,1.4324683260507807,False,True,Hu_Zhang_2023_NSCLC;Maynard_Bivona_2020,0.5,0.35811708151269517,III-IV,0,0.0,3,1,0.0,0.35811708151269517
TNFSF10_TNFRSF10D,Endothelial cell venous,Pericyte,3,2.0,1.0734155901531826,True,False,Hu_Zhang_2023_NSCLC;Maynard_Bivona_2020,0.6666666666666666,0.35780519671772754,III-IV,0,0.0,2,1,0.0,0.35780519671772754
ADM_RAMP3,Fibroblast peribronchial,Endothelial cell venous,5,3.0,1.784758453553257,False,True,Kim_Lee_2020;Lambrechts_Thienpont_2018_6149v2;Maynard_Bivona_2020,0.6,0.3569516907106514,III-IV,0,0.0,3,1,0.0,0.3569516907106514
TNF_TNFRSF1B,T cell CD4 dividing,cDC2,2,2.0,1.0722276433048124,True,True,Hu_Zhang_2023_NSCLC;Maynard_Bivona_2020,1.0,0.5361138216524062,III-IV,0,0.18025816713569068,3,1,0.18025816713569068,0.3558556545167155
TGM2_ADGRG1,Endothelial cell venous,NK cell,5,3.0,1.767952227232187,True,True,Hu_Zhang_2023_NSCLC;Kim_Lee_2020;Maynard_Bivona_2020,0.6,0.3535904454464374,III-IV,0,0.0,4,1,0.0,0.3535904454464374
PVR_TIGIT,Endothelial cell venous,T cell CD8 terminally exhausted,4,4.0,1.4101819076844422,True,True,Hu_Zhang_2023_NSCLC;Kim_Lee_2020;Lambrechts_Thienpont_2018_6149v2;Maynard_Bivona_2020,1.0,0.35254547692111055,III-IV,0,0.0,3,1,0.0,0.35254547692111055
ICAM1_integrin_aXb2_complex,Endothelial cell venous,Monocyte classical,5,5.0,1.7603582751409603,True,False,Hu_Zhang_2023_NSCLC;Kim_Lee_2020;Lambrechts_Thienpont_2018_6149v2;Maynard_Bivona_2020;Zilionis_Klein_2019,1.0,0.35207165502819204,III-IV,0,0.0,5,1,0.0,0.35207165502819204
CD34_SELL,Endothelial cell venous,T cell CD8 terminally exhausted,4,2.0,1.4048395411679095,True,False,Hu_Zhang_2023_NSCLC;Maynard_Bivona_2020,0.5,0.3512098852919774,III-IV,0,0.0,3,1,0.0,0.3512098852919774
ANXA1_FPR1,Endothelial cell venous,Macrophage,5,3.0,1.750874686301857,True,True,Hu_Zhang_2023_NSCLC;Lambrechts_Thienpont_2018_6149v2;Maynard_Bivona_2020,0.6,0.3501749372603714,III-IV,0,0.0,5,1,0.0,0.3501749372603714
ANXA1_FPR3,Endothelial cell venous,Macrophage alveolar,5,3.0,1.74141613594342,True,True,Hu_Zhang_2023_NSCLC;Kim_Lee_2020;Maynard_Bivona_2020,0.6,0.348283227188684,III-IV,0,0.0,3,1,0.0,0.348283227188684
ICAM1_integrin_aXb2_complex,Endothelial cell venous,cDC2,5,5.0,1.7404005142361139,True,False,Hu_Zhang_2023_NSCLC;Kim_Lee_2020;Lambrechts_Thienpont_2018_6149v2;Maynard_Bivona_2020;Zilionis_Klein_2019,1.0,0.3480801028472228,III-IV,0,0.0,5,1,0.0,0.3480801028472228
CD99_PILRA,T cell CD8 naive,Macrophage,4,2.0,1.391924246278392,False,True,Hu_Zhang_2023_NSCLC;Maynard_Bivona_2020,0.5,0.347981061569598,III-IV,0,0.0,3,1,0.0,0.347981061569598
LCK_CD8_receptor,T cell CD4,T cell CD8 naive,4,3.0,1.386187955227973,True,False,Hu_Zhang_2023_NSCLC;Lambrechts_Thienpont_2018_6149v2;Maynard_Bivona_2020,0.75,0.34654698880699325,III-IV,0,0.0,3,1,0.0,0.34654698880699325
CD34_SELL,Endothelial cell venous,myeloid dividing,4,2.0,1.3795637725499081,True,False,Hu_Zhang_2023_NSCLC;Maynard_Bivona_2020,0.5,0.34489094313747704,III-IV,0,0.0,2,1,0.0,0.34489094313747704
CD99_PILRA,Endothelial cell venous,myeloid dividing,4,2.0,1.3758047643439182,True,True,Hu_Zhang_2023_NSCLC;Maynard_Bivona_2020,0.5,0.34395119108597955,III-IV,0,0.0,2,1,0.0,0.34395119108597955
CXCL16_CXCR6,Monocyte classical,T cell CD4 dividing,2,2.0,1.2396963232318177,True,True,Hu_Zhang_2023_NSCLC;Maynard_Bivona_2020,1.0,0.6198481616159088,III-IV,0,0.27790922778261656,3,1,0.27790922778261656,0.34193893383329227
CD52_SIGLEC10,T cell CD8 activated,Monocyte classical,3,2.0,1.0257289126183728,True,True,Hu_Zhang_2023_NSCLC;Zilionis_Klein_2019,0.6666666666666666,0.34190963753945763,III-IV,0,0.0,4,1,0.0,0.34190963753945763
PODXL_SELL,Endothelial cell venous,T cell CD8 naive,4,3.0,1.3577648459976353,True,False,Hu_Zhang_2023_NSCLC;Kim_Lee_2020;Maynard_Bivona_2020,0.75,0.3394412114994088,III-IV,0,0.0,2,1,0.0,0.3394412114994088
CD52_SIGLEC10,T cell CD8 terminally exhausted,Mast cell,4,3.0,2.237932845395161,True,False,Hu_Zhang_2023_NSCLC;Kim_Lee_2020;Maynard_Bivona_2020,0.75,0.5594832113487902,III-IV,0,0.22194267710754925,4,1,0.22194267710754925,0.337540534241241
CXCL16_CXCR6,Mast cell,T cell CD4 dividing,2,2.0,1.172854215621475,True,True,Hu_Zhang_2023_NSCLC;Maynard_Bivona_2020,1.0,0.5864271078107375,III-IV,0,0.24921414408745424,3,1,0.24921414408745424,0.33721296372328324
ANXA1_FPR3,T cell CD8 naive,cDC2,4,2.0,1.3403346528109354,False,True,Hu_Zhang_2023_NSCLC;Maynard_Bivona_2020,0.5,0.33508366320273386,III-IV,0,0.0,3,1,0.0,0.33508366320273386
CCL14_CCR1,Endothelial cell venous,myeloid dividing,4,3.0,1.3298560666820625,True,True,Kim_Lee_2020;Lambrechts_Thienpont_2018_6149v2;Maynard_Bivona_2020,0.75,0.3324640166705156,III-IV,0,0.0,2,1,0.0,0.3324640166705156
CD44_TYROBP,Monocyte classical,T cell CD8 naive,4,2.0,1.3255632742273162,True,False,Hu_Zhang_2023_NSCLC;Maynard_Bivona_2020,0.5,0.33139081855682906,III-IV,0,0.0,3,1,0.0,0.33139081855682906
THBS2_CD36,Fibroblast peribronchial,Endothelial cell venous,5,3.0,1.6525735861689983,True,False,Hu_Zhang_2023_NSCLC;Lambrechts_Thienpont_2018_6149v2;Maynard_Bivona_2020,0.6,0.33051471723379966,III-IV,0,0.0,3,1,0.0,0.33051471723379966
CD99_PILRA,T cell CD8 naive,Monocyte classical,4,2.0,1.3195484209243595,False,True,Hu_Zhang_2023_NSCLC;Maynard_Bivona_2020,0.5,0.3298871052310899,III-IV,0,0.0,3,1,0.0,0.3298871052310899
PODXL_SELL,Endothelial cell venous,NK cell,5,4.0,1.6393349078784571,True,False,Hu_Zhang_2023_NSCLC;Kim_Lee_2020;Maynard_Bivona_2020;Zilionis_Klein_2019,0.8,0.32786698157569144,III-IV,0,0.0,4,1,0.0,0.32786698157569144
CD226_NECTIN2,T cell CD4 dividing,Endothelial cell venous,2,2.0,0.6521016193515041,False,True,Hu_Zhang_2023_NSCLC;Maynard_Bivona_2020,1.0,0.32605080967575206,III-IV,0,0.0,2,1,0.0,0.32605080967575206
TGM2_ADGRG1,Endothelial cell venous,T cell NK-like,3,2.0,0.9772748283447034,True,False,Hu_Zhang_2023_NSCLC;Kim_Lee_2020,0.6666666666666666,0.3257582761149011,III-IV,0,0.0,3,1,0.0,0.3257582761149011
VEGFA_NRP1,cDC2,Endothelial cell venous,5,4.0,1.6198764265927381,True,True,Hu_Zhang_2023_NSCLC;Kim_Lee_2020;Lambrechts_Thienpont_2018_6149v2;Maynard_Bivona_2020,0.8,0.32397528531854763,III-IV,0,0.0,5,1,0.0,0.32397528531854763
LCK_CD8_receptor,NK cell,T cell CD8 naive,4,3.0,1.293473708651197,True,False,Hu_Zhang_2023_NSCLC;Lambrechts_Thienpont_2018_6149v2;Maynard_Bivona_2020,0.75,0.32336842716279923,III-IV,0,0.0,3,1,0.0,0.32336842716279923
PVR_CD96,Endothelial cell venous,T cell CD8 dividing,4,4.0,1.2768837470738745,True,True,Hu_Zhang_2023_NSCLC;Kim_Lee_2020;Lambrechts_Thienpont_2018_6149v2;Maynard_Bivona_2020,1.0,0.31922093676846863,III-IV,0,0.0,3,1,0.0,0.31922093676846863
PODXL_SELL,Endothelial cell venous,T cell CD8 activated,3,2.0,0.9558310923544726,True,False,Hu_Zhang_2023_NSCLC;Zilionis_Klein_2019,0.6666666666666666,0.3186103641181575,III-IV,0,0.0,3,1,0.0,0.3186103641181575
VEGFA_NRP1,Pericyte,Endothelial cell venous,3,3.0,0.9525170701100057,False,True,Hu_Zhang_2023_NSCLC;Lambrechts_Thienpont_2018_6149v2;Maynard_Bivona_2020,1.0,0.31750569003666856,III-IV,0,0.0,2,1,0.0,0.31750569003666856
VEGFA_FLT1_complex,Monocyte classical,Endothelial cell venous,5,5.0,1.5852732348538825,True,False,Hu_Zhang_2023_NSCLC;Kim_Lee_2020;Lambrechts_Thienpont_2018_6149v2;Maynard_Bivona_2020;Zilionis_Klein_2019,1.0,0.3170546469707765,III-IV,0,0.0,5,1,0.0,0.3170546469707765
TNF_TNFRSF1B,T cell CD4 dividing,Macrophage,2,2.0,1.0826878277698895,True,True,Hu_Zhang_2023_NSCLC;Maynard_Bivona_2020,1.0,0.5413439138849447,III-IV,0,0.2246503964668162,3,1,0.2246503964668162,0.31669351741812857
CCL14_CCR1,Endothelial cell venous,Macrophage,5,3.0,1.5767776364252535,True,True,Lambrechts_Thienpont_2018_6149v2;Maynard_Bivona_2020;Zilionis_Klein_2019,0.6,0.3153555272850507,III-IV,0,0.0,5,1,0.0,0.3153555272850507
Histamine_byHDC_HRH1,Mast cell,Endothelial cell venous,5,3.0,1.5726929424489209,False,True,Hu_Zhang_2023_NSCLC;Kim_Lee_2020;Maynard_Bivona_2020,0.6,0.31453858848978417,III-IV,0,0.0,5,1,0.0,0.31453858848978417
ICAM1_integrin_aXb2_complex,Endothelial cell venous,Macrophage,5,4.0,1.5530965354660469,True,False,Hu_Zhang_2023_NSCLC;Lambrechts_Thienpont_2018_6149v2;Maynard_Bivona_2020;Zilionis_Klein_2019,0.8,0.3106193070932094,III-IV,0,0.0,5,1,0.0,0.3106193070932094
CXCL16_CXCR6,cDC2,T cell CD8 naive,4,3.0,1.231258336919666,True,False,Hu_Zhang_2023_NSCLC;Lambrechts_Thienpont_2018_6149v2;Maynard_Bivona_2020,0.75,0.3078145842299165,III-IV,0,0.0,3,1,0.0,0.3078145842299165
CLU_TREM2_receptor,Endothelial cell venous,Macrophage alveolar,5,4.0,1.5358085229488454,True,False,Hu_Zhang_2023_NSCLC;Kim_Lee_2020;Lambrechts_Thienpont_2018_6149v2;Maynard_Bivona_2020,0.8,0.3071617045897691,III-IV,0,0.0,3,1,0.0,0.3071617045897691
TNF_TNFRSF1B,T cell CD4 dividing,Monocyte classical,2,2.0,1.4488693017529788,True,True,Hu_Zhang_2023_NSCLC;Maynard_Bivona_2020,1.0,0.7244346508764894,III-IV,0,0.41770426046702197,3,1,0.41770426046702197,0.3067303904094674
TGM2_ADGRG1,Endothelial cell venous,T cell CD8 terminally exhausted,4,2.0,1.2263103179418606,True,False,Hu_Zhang_2023_NSCLC;Maynard_Bivona_2020,0.5,0.30657757948546516,III-IV,0,0.0,3,1,0.0,0.30657757948546516
GAS6_AXL,Endothelial cell venous,myeloid dividing,4,3.0,1.2174228223896146,True,True,Hu_Zhang_2023_NSCLC;Kim_Lee_2020;Maynard_Bivona_2020,0.75,0.30435570559740366,III-IV,0,0.0,2,1,0.0,0.30435570559740366
ICAM1_integrin_aXb2_complex,Endothelial cell venous,myeloid dividing,4,4.0,1.217012170165896,True,False,Hu_Zhang_2023_NSCLC;Kim_Lee_2020;Lambrechts_Thienpont_2018_6149v2;Maynard_Bivona_2020,1.0,0.304253042541474,III-IV,0,0.0,2,1,0.0,0.304253042541474
CD44_TYROBP,Macrophage,T cell CD8 naive,4,2.0,1.2139426769166828,True,False,Hu_Zhang_2023_NSCLC;Maynard_Bivona_2020,0.5,0.3034856692291707,III-IV,0,0.0,3,1,0.0,0.3034856692291707
PGF_FLT1,Fibroblast peribronchial,Endothelial cell venous,5,3.0,1.511778490312818,False,True,Hu_Zhang_2023_NSCLC;Kim_Lee_2020;Maynard_Bivona_2020,0.6,0.30235569806256357,III-IV,0,0.0,3,1,0.0,0.30235569806256357
GJA1_GJA1,Endothelial cell venous,Fibroblast peribronchial,5,4.0,1.5112907125817965,True,True,Hu_Zhang_2023_NSCLC;Kim_Lee_2020;Lambrechts_Thienpont_2018_6149v2;Maynard_Bivona_2020,0.8,0.3022581425163593,III-IV,0,0.0,3,1,0.0,0.3022581425163593
GJA1_GJA1,Fibroblast peribronchial,Endothelial cell venous,5,4.0,1.5112907125817965,True,True,Hu_Zhang_2023_NSCLC;Kim_Lee_2020;Lambrechts_Thienpont_2018_6149v2;Maynard_Bivona_2020,0.8,0.3022581425163593,III-IV,0,0.0,3,1,0.0,0.3022581425163593
GJC1_GJC1,Endothelial cell venous,Pericyte,3,2.0,0.9064248168820852,False,True,Hu_Zhang_2023_NSCLC;Maynard_Bivona_2020,0.6666666666666666,0.30214160562736175,III-IV,0,0.0,2,1,0.0,0.30214160562736175
GJC1_GJC1,Pericyte,Endothelial cell venous,3,2.0,0.9064248168820852,True,False,Hu_Zhang_2023_NSCLC;Maynard_Bivona_2020,0.6666666666666666,0.30214160562736175,III-IV,0,0.0,2,1,0.0,0.30214160562736175
ANXA1_FPR1,T cell NK-like,Macrophage,3,2.0,0.9050559822635467,False,True,Hu_Zhang_2023_NSCLC;Lambrechts_Thienpont_2018_6149v2,0.6666666666666666,0.3016853274211822,III-IV,0,0.0,4,1,0.0,0.3016853274211822
COL4A1_ADGRG6,Fibroblast peribronchial,Pericyte,3,2.0,0.9044386503728384,True,False,Hu_Zhang_2023_NSCLC;Maynard_Bivona_2020,0.6666666666666666,0.30147955012427946,III-IV,0,0.0,2,1,0.0,0.30147955012427946
PDGFB_PDGFRB,Endothelial cell venous,Fibroblast peribronchial,5,4.0,1.4997893088792718,True,True,Hu_Zhang_2023_NSCLC;Kim_Lee_2020;Lambrechts_Thienpont_2018_6149v2;Maynard_Bivona_2020,0.8,0.2999578617758544,III-IV,0,0.0,3,1,0.0,0.2999578617758544
VEGFA_FLT1_complex,Mast cell,Endothelial cell venous,5,4.0,1.4946183599584733,True,False,Hu_Zhang_2023_NSCLC;Kim_Lee_2020;Maynard_Bivona_2020;Zilionis_Klein_2019,0.8,0.2989236719916947,III-IV,0,0.0,5,1,0.0,0.2989236719916947
CD44_TYROBP,myeloid dividing,T cell CD8 naive,4,2.0,1.1873083653096121,True,False,Hu_Zhang_2023_NSCLC;Maynard_Bivona_2020,0.5,0.29682709132740304,III-IV,0,0.0,2,1,0.0,0.29682709132740304
VEGFA_KDR,Mast cell,Endothelial cell venous,5,3.0,1.4756555116612595,True,True,Hu_Zhang_2023_NSCLC;Maynard_Bivona_2020;Zilionis_Klein_2019,0.6,0.2951311023322519,III-IV,0,0.0,5,1,0.0,0.2951311023322519
CD44_TYROBP,Macrophage,T cell NK-like,3,2.0,0.8817727440573253,True,False,Hu_Zhang_2023_NSCLC;Lambrechts_Thienpont_2018_6149v2,0.6666666666666666,0.29392424801910844,III-IV,0,0.0,4,1,0.0,0.29392424801910844
PVR_CD96,Endothelial cell venous,T cell CD4 dividing,2,2.0,0.5866409176827142,True,True,Hu_Zhang_2023_NSCLC;Maynard_Bivona_2020,1.0,0.2933204588413571,III-IV,0,0.0,2,1,0.0,0.2933204588413571
CXCL8_ACKR1,T cell CD8 dividing,Endothelial cell venous,4,2.0,1.1515374030853907,False,True,Hu_Zhang_2023_NSCLC;Kim_Lee_2020,0.5,0.28788435077134766,III-IV,0,0.0,3,1,0.0,0.28788435077134766
CD320_JAML,Endothelial cell venous,myeloid dividing,4,3.0,1.1495415894938636,True,True,Hu_Zhang_2023_NSCLC;Kim_Lee_2020;Maynard_Bivona_2020,0.75,0.2873853973734659,III-IV,0,0.0,2,1,0.0,0.2873853973734659
Histamine_byHDC_HRH2,Mast cell,Pericyte,3,2.0,0.858263737114257,False,False,Lambrechts_Thienpont_2018_6149v2;Maynard_Bivona_2020,0.6666666666666666,0.286087912371419,III-IV,0,0.0,2,1,0.0,0.286087912371419
CD99_PILRA,T cell CD8 naive,Macrophage alveolar,4,2.0,1.136555895868315,False,True,Hu_Zhang_2023_NSCLC;Kim_Lee_2020,0.5,0.28413897396707877,III-IV,0,0.0,2,1,0.0,0.28413897396707877
DLL4_NOTCH4,Endothelial cell venous,Endothelial cell venous,5,3.0,1.4175506387416261,True,True,Hu_Zhang_2023_NSCLC;Lambrechts_Thienpont_2018_6149v2;Maynard_Bivona_2020,0.6,0.28351012774832524,III-IV,0,0.0,5,1,0.0,0.28351012774832524
VEGFA_NRP1,Macrophage,Endothelial cell venous,5,4.0,1.4164675229084716,True,True,Hu_Zhang_2023_NSCLC;Kim_Lee_2020;Lambrechts_Thienpont_2018_6149v2;Maynard_Bivona_2020,0.8,0.28329350458169433,III-IV,0,0.0,5,1,0.0,0.28329350458169433
CXCL8_ACKR1,Fibroblast peribronchial,Endothelial cell venous,5,3.0,1.3914891608129258,False,True,Hu_Zhang_2023_NSCLC;Kim_Lee_2020;Zilionis_Klein_2019,0.6,0.2782978321625852,III-IV,0,0.0,3,1,0.0,0.2782978321625852
NECTIN2_TIGIT,Endothelial cell venous,T cell CD8 naive,4,3.0,1.1092118820257497,True,False,Hu_Zhang_2023_NSCLC;Kim_Lee_2020;Maynard_Bivona_2020,0.75,0.27730297050643743,III-IV,0,0.0,2,1,0.0,0.27730297050643743
TGM2_ADGRG1,Fibroblast peribronchial,Endothelial cell venous,5,4.0,1.3847115002167982,True,True,Hu_Zhang_2023_NSCLC;Kim_Lee_2020;Lambrechts_Thienpont_2018_6149v2;Maynard_Bivona_2020,0.8,0.2769423000433596,III-IV,0,0.0,3,1,0.0,0.2769423000433596
PGF_NRP2,Pericyte,Endothelial cell venous,3,3.0,0.8306672038578156,True,False,Hu_Zhang_2023_NSCLC;Lambrechts_Thienpont_2018_6149v2;Maynard_Bivona_2020,1.0,0.2768890679526052,III-IV,0,0.0,2,1,0.0,0.2768890679526052
TGM2_ADGRG1,Endothelial cell venous,T cell CD8 dividing,4,2.0,1.1070217267260065,True,False,Hu_Zhang_2023_NSCLC;Maynard_Bivona_2020,0.5,0.27675543168150163,III-IV,0,0.0,3,1,0.0,0.27675543168150163
CCL5_CCR1,T cell CD8 activated,myeloid dividing,2,2.0,1.527110717875698,True,True,Hu_Zhang_2023_NSCLC;Kim_Lee_2020,1.0,0.763555358937849,III-IV,0,0.4874107321495284,3,1,0.4874107321495284,0.2761446267883206
NECTIN2_TIGIT,Endothelial cell venous,T cell CD8 effector memory,5,3.0,1.3791688582003772,True,False,Hu_Zhang_2023_NSCLC;Kim_Lee_2020;Maynard_Bivona_2020,0.6,0.27583377164007544,III-IV,0,0.0,5,1,0.0,0.27583377164007544
VEGFA_FLT1_complex,cDC2,Endothelial cell venous,5,5.0,1.3509652543275874,True,False,Hu_Zhang_2023_NSCLC;Kim_Lee_2020;Lambrechts_Thienpont_2018_6149v2;Maynard_Bivona_2020;Zilionis_Klein_2019,1.0,0.2701930508655175,III-IV,0,0.0,5,1,0.0,0.2701930508655175
ANXA1_FPR1,T cell CD4 dividing,Macrophage,2,2.0,1.183549357103622,False,True,Hu_Zhang_2023_NSCLC;Maynard_Bivona_2020,1.0,0.591774678551811,III-IV,0,0.3224846877234306,3,1,0.3224846877234306,0.2692899908283804
COL4A1_ADGRG6,Fibroblast peribronchial,Endothelial cell venous,5,4.0,1.3398881008158106,True,False,Hu_Zhang_2023_NSCLC;Kim_Lee_2020;Lambrechts_Thienpont_2018_6149v2;Maynard_Bivona_2020,0.8,0.2679776201631621,III-IV,0,0.0,3,1,0.0,0.2679776201631621
PODXL_SELL,Endothelial cell venous,T cell CD8 dividing,4,2.0,1.0711455118185391,True,False,Hu_Zhang_2023_NSCLC;Maynard_Bivona_2020,0.5,0.2677863779546348,III-IV,0,0.0,3,1,0.0,0.2677863779546348
VEGFA_NRP1,myeloid dividing,Endothelial cell venous,4,4.0,1.064174989691406,True,True,Hu_Zhang_2023_NSCLC;Kim_Lee_2020;Lambrechts_Thienpont_2018_6149v2;Maynard_Bivona_2020,1.0,0.2660437474228515,III-IV,0,0.0,2,1,0.0,0.2660437474228515
ANXA1_FPR3,T cell CD8 naive,Macrophage alveolar,4,2.0,1.0628841288646518,False,True,Hu_Zhang_2023_NSCLC;Kim_Lee_2020,0.5,0.26572103221616294,III-IV,0,0.0,2,1,0.0,0.26572103221616294
PODXL_SELL,Endothelial cell venous,cDC2,5,3.0,1.3221887163463062,True,False,Hu_Zhang_2023_NSCLC;Kim_Lee_2020;Maynard_Bivona_2020,0.6,0.2644377432692612,III-IV,0,0.0,5,1,0.0,0.2644377432692612
PDGFB_PDGFRA,Endothelial cell venous,Fibroblast peribronchial,5,4.0,1.3210123215214056,True,True,Hu_Zhang_2023_NSCLC;Kim_Lee_2020;Lambrechts_Thienpont_2018_6149v2;Maynard_Bivona_2020,0.8,0.2642024643042811,III-IV,0,0.0,3,1,0.0,0.2642024643042811
VEGFA_KDR,Monocyte classical,Endothelial cell venous,5,3.0,1.3103044731643874,True,True,Hu_Zhang_2023_NSCLC;Lambrechts_Thienpont_2018_6149v2;Maynard_Bivona_2020,0.6,0.26206089463287746,III-IV,0,0.0,5,1,0.0,0.26206089463287746
CCL5_CCR1,T cell CD8 activated,Macrophage,3,3.0,1.9622437134589676,True,True,Hu_Zhang_2023_NSCLC;Kim_Lee_2020;Zilionis_Klein_2019,1.0,0.6540812378196559,III-IV,0,0.39277517945182994,4,1,0.39277517945182994,0.26130605836782594
GJC1_GJA5,Pericyte,Endothelial cell venous,3,2.0,0.7730677893099732,True,False,Hu_Zhang_2023_NSCLC;Lambrechts_Thienpont_2018_6149v2,0.6666666666666666,0.2576892631033244,III-IV,0,0.0,2,1,0.0,0.2576892631033244
PVR_TIGIT,Endothelial cell venous,T cell CD8 dividing,4,4.0,1.030122409685954,True,True,Hu_Zhang_2023_NSCLC;Kim_Lee_2020;Lambrechts_Thienpont_2018_6149v2;Maynard_Bivona_2020,1.0,0.2575306024214885,III-IV,0,0.0,3,1,0.0,0.2575306024214885
CXCL16_CXCR6,cDC2,T cell NK-like,3,2.0,0.7712338667043563,True,False,Hu_Zhang_2023_NSCLC;Lambrechts_Thienpont_2018_6149v2,0.6666666666666666,0.2570779555681188,III-IV,0,0.0,4,1,0.0,0.2570779555681188
LTA_TNFRSF1B,T cell CD4 dividing,cDC2,2,2.0,0.8056181209879066,False,True,Hu_Zhang_2023_NSCLC;Maynard_Bivona_2020,1.0,0.4028090604939533,III-IV,0,0.14643745666625882,3,1,0.14643745666625882,0.2563716038276945
TNFSF10_TNFRSF10D,Endothelial cell venous,myeloid dividing,4,2.0,1.0227780598362415,True,False,Hu_Zhang_2023_NSCLC;Maynard_Bivona_2020,0.5,0.25569451495906037,III-IV,0,0.0,2,1,0.0,0.25569451495906037
CCL3_CCR1,T cell NK-like,myeloid dividing,3,2.0,0.7594218652287783,False,True,Hu_Zhang_2023_NSCLC;Kim_Lee_2020,0.6666666666666666,0.2531406217429261,III-IV,0,0.0,3,1,0.0,0.2531406217429261
LTA_TNFRSF1B,T cell CD4 dividing,Monocyte classical,2,2.0,1.2622612754463647,False,True,Hu_Zhang_2023_NSCLC;Maynard_Bivona_2020,1.0,0.6311306377231823,III-IV,0,0.3781052925099262,3,1,0.3781052925099262,0.25302534521325615
JAG1_NOTCH4,Endothelial cell venous,Endothelial cell venous,5,4.0,1.2568188459708307,True,True,Hu_Zhang_2023_NSCLC;Kim_Lee_2020;Lambrechts_Thienpont_2018_6149v2;Maynard_Bivona_2020,0.8,0.25136376919416614,III-IV,0,0.0,5,1,0.0,0.25136376919416614
CXCL16_CXCR6,Macrophage,T cell CD4 dividing,2,2.0,1.5437219288119188,True,True,Hu_Zhang_2023_NSCLC;Maynard_Bivona_2020,1.0,0.7718609644059594,III-IV,0,0.5205168168645592,3,1,0.5205168168645592,0.2513441475414002
TGM2_ADGRG1,Fibroblast peribronchial,T cell NK-like,3,2.0,0.7523596636932844,True,False,Hu_Zhang_2023_NSCLC;Kim_Lee_2020,0.6666666666666666,0.25078655456442817,III-IV,0,0.0,3,1,0.0,0.25078655456442817
CCL5_CCR1,T cell CD8 activated,cDC2,3,2.0,1.3530229469946131,True,False,Hu_Zhang_2023_NSCLC;Kim_Lee_2020,0.6666666666666666,0.4510076489982044,III-IV,0,0.20050839782644492,4,1,0.20050839782644492,0.2504992511717595
VEGFA_KDR,cDC2,Endothelial cell venous,5,3.0,1.2230477820145378,True,True,Hu_Zhang_2023_NSCLC;Kim_Lee_2020;Maynard_Bivona_2020,0.6,0.24460955640290755,III-IV,0,0.0,5,1,0.0,0.24460955640290755
CD44_TYROBP,myeloid dividing,Endothelial cell venous,4,2.0,0.9682372803919224,True,False,Hu_Zhang_2023_NSCLC;Kim_Lee_2020,0.5,0.2420593200979806,III-IV,0,0.0,2,1,0.0,0.2420593200979806
PLAU_PLAUR,myeloid dividing,Endothelial cell venous,4,3.0,0.9632184890180326,True,False,Hu_Zhang_2023_NSCLC;Kim_Lee_2020;Maynard_Bivona_2020,0.75,0.24080462225450816,III-IV,0,0.0,2,1,0.0,0.24080462225450816
CXCL14_CXCR4,T cell CD8 dividing,B cell,4,2.0,1.8468890804801412,False,True,Hu_Zhang_2023_NSCLC;Maynard_Bivona_2020,0.5,0.4617222701200353,III-IV,0,0.22136917503704923,4,1,0.22136917503704923,0.24035309508298608
NECTIN2_TIGIT,Endothelial cell venous,T cell NK-like,3,2.0,0.7200351433215799,True,False,Hu_Zhang_2023_NSCLC;Kim_Lee_2020,0.6666666666666666,0.24001171444052663,III-IV,0,0.0,3,1,0.0,0.24001171444052663
CD24_SELP,B cell,Endothelial cell venous,5,3.0,1.1863038198044455,True,True,Hu_Zhang_2023_NSCLC;Kim_Lee_2020;Maynard_Bivona_2020,0.6,0.2372607639608891,III-IV,0,0.0,5,1,0.0,0.2372607639608891
CXCL13_CXCR5,T cell CD4 dividing,B cell,2,2.0,1.2042035804165478,True,True,Hu_Zhang_2023_NSCLC;Maynard_Bivona_2020,1.0,0.6021017902082739,III-IV,0,0.36553215027892455,3,1,0.36553215027892455,0.23656963992934937
CD99_PILRA,T cell CD4 dividing,Monocyte classical,2,2.0,1.4826856500700454,True,True,Hu_Zhang_2023_NSCLC;Maynard_Bivona_2020,1.0,0.7413428250350227,III-IV,0,0.5048065182475727,3,1,0.5048065182475727,0.23653630678744997
VEGFA_NRP1,Fibroblast peribronchial,Endothelial cell venous,5,4.0,1.1772474346229813,True,True,Hu_Zhang_2023_NSCLC;Kim_Lee_2020;Lambrechts_Thienpont_2018_6149v2;Maynard_Bivona_2020,0.8,0.23544948692459627,III-IV,0,0.0,3,1,0.0,0.23544948692459627
PDGFB_PDGFR_complex,Endothelial cell venous,Fibroblast peribronchial,5,4.0,1.1743608014521638,True,False,Hu_Zhang_2023_NSCLC;Kim_Lee_2020;Lambrechts_Thienpont_2018_6149v2;Maynard_Bivona_2020,0.8,0.23487216029043276,III-IV,0,0.0,3,1,0.0,0.23487216029043276
PVR_CD96,Endothelial cell venous,T cell CD8 terminally exhausted,4,2.0,0.9380315527857066,True,True,Hu_Zhang_2023_NSCLC;Maynard_Bivona_2020,0.5,0.23450788819642665,III-IV,0,0.0,3,1,0.0,0.23450788819642665
EDN1_EDNRB,Endothelial cell venous,Pericyte,3,2.0,0.6992512535095139,True,True,Hu_Zhang_2023_NSCLC;Maynard_Bivona_2020,0.6666666666666666,0.23308375116983795,III-IV,0,0.0,2,1,0.0,0.23308375116983795
THBS1_CD36,Fibroblast peribronchial,Endothelial cell venous,5,3.0,1.1628579781378545,True,False,Hu_Zhang_2023_NSCLC;Lambrechts_Thienpont_2018_6149v2;Maynard_Bivona_2020,0.6,0.2325715956275709,III-IV,0,0.0,3,1,0.0,0.2325715956275709
PLAU_PLAUR,Endothelial cell venous,myeloid dividing,4,2.0,0.9223006683327253,False,True,Hu_Zhang_2023_NSCLC;Kim_Lee_2020,0.5,0.23057516708318132,III-IV,0,0.0,2,1,0.0,0.23057516708318132
PLAU_PLAUR,Macrophage,T cell CD4 dividing,2,2.0,0.6676058721212951,True,False,Hu_Zhang_2023_NSCLC;Maynard_Bivona_2020,1.0,0.33380293606064754,III-IV,0,0.10565275908479138,3,1,0.10565275908479138,0.22815017697585616
PODXL_SELL,Endothelial cell venous,T cell CD8 terminally exhausted,4,2.0,0.9041775001442147,True,False,Hu_Zhang_2023_NSCLC;Maynard_Bivona_2020,0.5,0.22604437503605368,III-IV,0,0.0,3,1,0.0,0.22604437503605368
CXCL16_CXCR6,myeloid dividing,T cell CD8 naive,4,2.0,0.8988443219140777,True,False,Hu_Zhang_2023_NSCLC;Maynard_Bivona_2020,0.5,0.22471108047851943,III-IV,0,0.0,2,1,0.0,0.22471108047851943
TGM2_ADGRG1,Fibroblast peribronchial,T cell CD8 terminally exhausted,4,2.0,0.8931894840959569,True,False,Hu_Zhang_2023_NSCLC;Maynard_Bivona_2020,0.5,0.22329737102398922,III-IV,0,0.0,3,1,0.0,0.22329737102398922
NECTIN2_TIGIT,Endothelial cell venous,T cell CD4,5,3.0,1.1163032679542035,True,False,Hu_Zhang_2023_NSCLC;Kim_Lee_2020;Maynard_Bivona_2020,0.6,0.2232606535908407,III-IV,0,0.0,5,1,0.0,0.2232606535908407
NECTIN2_TIGIT,Endothelial cell venous,NK cell,5,3.0,1.1150467666761514,True,False,Hu_Zhang_2023_NSCLC;Kim_Lee_2020;Maynard_Bivona_2020,0.6,0.22300935333523028,III-IV,0,0.0,4,1,0.0,0.22300935333523028
CXCL16_CXCR6,myeloid dividing,T cell CD4 dividing,2,2.0,1.3019875739056883,True,True,Hu_Zhang_2023_NSCLC;Maynard_Bivona_2020,1.0,0.6509937869528442,III-IV,0,0.42827173995323786,3,1,0.42827173995323786,0.2227220469996063
CXCL2_DPP4,Macrophage,T cell CD8 dividing,4,2.0,1.0987005821408689,True,False,Hu_Zhang_2023_NSCLC;Maynard_Bivona_2020,0.5,0.2746751455352172,III-IV,0,0.05275399308414293,4,1,0.05275399308414293,0.2219211524510743
THY1_integrin_aXb2_complex,Endothelial cell venous,Monocyte classical,5,5.0,1.0985653810390759,False,False,Hu_Zhang_2023_NSCLC;Kim_Lee_2020;Lambrechts_Thienpont_2018_6149v2;Maynard_Bivona_2020;Zilionis_Klein_2019,1.0,0.21971307620781516,III-IV,0,0.0,5,1,0.0,0.21971307620781516
CD226_NECTIN2,T cell CD8 dividing,Endothelial cell venous,4,3.0,0.8727279736274223,False,True,Hu_Zhang_2023_NSCLC;Kim_Lee_2020;Maynard_Bivona_2020,0.75,0.21818199340685557,III-IV,0,0.0,3,1,0.0,0.21818199340685557
THY1_integrin_aXb2_complex,Endothelial cell venous,cDC2,5,5.0,1.0898866034786312,False,False,Hu_Zhang_2023_NSCLC;Kim_Lee_2020;Lambrechts_Thienpont_2018_6149v2;Maynard_Bivona_2020;Zilionis_Klein_2019,1.0,0.21797732069572623,III-IV,0,0.0,5,1,0.0,0.21797732069572623
CD320_JAML,Endothelial cell venous,T cell CD8 naive,4,2.0,0.871248947567306,True,False,Kim_Lee_2020;Maynard_Bivona_2020,0.5,0.2178122368918265,III-IV,0,0.0,2,1,0.0,0.2178122368918265
HBEGF_EGFR,Endothelial cell venous,Pericyte,3,2.0,0.6529388899198212,True,False,Hu_Zhang_2023_NSCLC;Maynard_Bivona_2020,0.6666666666666666,0.2176462966399404,III-IV,0,0.0,2,1,0.0,0.2176462966399404
VEGFA_FLT1_complex,Pericyte,Endothelial cell venous,3,3.0,0.6518407016154859,False,False,Hu_Zhang_2023_NSCLC;Lambrechts_Thienpont_2018_6149v2;Maynard_Bivona_2020,1.0,0.21728023387182863,III-IV,0,0.0,2,1,0.0,0.21728023387182863
CD52_SIGLEC10,T cell regulatory,Monocyte classical,5,3.0,1.592158824940512,True,True,Hu_Zhang_2023_NSCLC;Maynard_Bivona_2020;Zilionis_Klein_2019,0.6,0.31843176498810244,III-IV,0,0.101889338731444,6,1,0.101889338731444,0.21654242625665843
CXCL16_CXCR6,Monocyte classical,T cell CD8 naive,4,2.0,0.8651441272416118,True,False,Hu_Zhang_2023_NSCLC;Maynard_Bivona_2020,0.5,0.21628603181040296,III-IV,0,0.0,3,1,0.0,0.21628603181040296
THBS1_CD36,Pericyte,cDC2,3,2.0,1.1486020383270539,True,False,Hu_Zhang_2023_NSCLC;Maynard_Bivona_2020,0.6666666666666666,0.38286734610901796,III-IV,0,0.16661863988144246,2,1,0.16661863988144246,0.2162487062275755
CD99_PILRA,T cell CD4 dividing,Macrophage alveolar,2,2.0,1.3811596037373963,True,True,Hu_Zhang_2023_NSCLC;Maynard_Bivona_2020,1.0,0.6905798018686982,III-IV,0,0.4751844473341384,3,1,0.4751844473341384,0.21539535453455977
PODXL_SELL,Endothelial cell venous,myeloid dividing,4,2.0,0.8604057767195084,True,False,Hu_Zhang_2023_NSCLC;Maynard_Bivona_2020,0.5,0.2151014441798771,III-IV,0,0.0,2,1,0.0,0.2151014441798771
CXCL16_CXCR6,cDC2,T cell CD4 dividing,2,2.0,1.3950737012395051,True,True,Hu_Zhang_2023_NSCLC;Maynard_Bivona_2020,1.0,0.6975368506197526,III-IV,0,0.48307265874343885,3,1,0.48307265874343885,0.21446419187631371
ANGPT2_TEK,Pericyte,Endothelial cell venous,3,2.0,0.6416397465051396,True,True,Lambrechts_Thienpont_2018_6149v2;Maynard_Bivona_2020,0.6666666666666666,0.21387991550171317,III-IV,0,0.0,2,1,0.0,0.21387991550171317
THY1_integrin_aXb2_complex,Endothelial cell venous,Macrophage,5,4.0,1.068691598396841,False,False,Hu_Zhang_2023_NSCLC;Lambrechts_Thienpont_2018_6149v2;Maynard_Bivona_2020;Zilionis_Klein_2019,0.8,0.2137383196793682,III-IV,0,0.0,5,1,0.0,0.2137383196793682
CD320_JAML,Endothelial cell venous,T cell CD8 terminally exhausted,4,2.0,0.8543661040433304,True,False,Kim_Lee_2020;Maynard_Bivona_2020,0.5,0.2135915260108326,III-IV,0,0.0,3,1,0.0,0.2135915260108326
ANXA1_FPR1,T cell CD8 dividing,Macrophage alveolar,4,2.0,1.3776515957095605,True,True,Hu_Zhang_2023_NSCLC;Maynard_Bivona_2020,0.5,0.34441289892739013,III-IV,0,0.13105823590756902,3,1,0.13105823590756902,0.21335466301982112
CD52_SIGLEC10,Mast cell,Macrophage,5,3.0,1.8312280056786678,True,True,Hu_Zhang_2023_NSCLC;Lambrechts_Thienpont_2018_6149v2;Maynard_Bivona_2020,0.6,0.36624560113573357,III-IV,0,0.1533460993657983,6,1,0.1533460993657983,0.21289950176993527
VEGFA_KDR,Pericyte,Endothelial cell venous,3,2.0,0.6294654864691864,False,True,Hu_Zhang_2023_NSCLC;Maynard_Bivona_2020,0.6666666666666666,0.20982182882306213,III-IV,0,0.0,2,1,0.0,0.20982182882306213
LTA_TNFRSF1B,T cell CD4 dividing,Macrophage,2,2.0,0.7637499736475152,False,True,Hu_Zhang_2023_NSCLC;Maynard_Bivona_2020,1.0,0.3818749868237576,III-IV,0,0.1720995251789498,3,1,0.1720995251789498,0.2097754616448078
VEGFA_FLT1_complex,Macrophage,Endothelial cell venous,5,5.0,1.0391646470718623,True,False,Hu_Zhang_2023_NSCLC;Kim_Lee_2020;Lambrechts_Thienpont_2018_6149v2;Maynard_Bivona_2020;Zilionis_Klein_2019,1.0,0.20783292941437245,III-IV,0,0.0,5,1,0.0,0.20783292941437245
CD320_JAML,Endothelial cell venous,T cell CD8 dividing,4,2.0,0.8261285890440928,True,True,Kim_Lee_2020;Maynard_Bivona_2020,0.5,0.2065321472610232,III-IV,0,0.0,3,1,0.0,0.2065321472610232
CXCL16_CXCR6,Macrophage,NK cell,5,3.0,1.4555198192465189,True,False,Hu_Zhang_2023_NSCLC;Lambrechts_Thienpont_2018_6149v2;Maynard_Bivona_2020,0.6,0.29110396384930376,III-IV,0,0.08506056527590848,5,1,0.08506056527590848,0.20604339857339526
ANXA1_FPR1,T cell CD4 dividing,cDC2,2,2.0,1.3560217512830475,False,True,Hu_Zhang_2023_NSCLC;Maynard_Bivona_2020,1.0,0.6780108756415237,III-IV,0,0.4720411443593293,3,1,0.4720411443593293,0.20596973128219442
VEGFA_NRP1,Macrophage alveolar,Endothelial cell venous,5,4.0,1.0275298824447947,False,True,Hu_Zhang_2023_NSCLC;Kim_Lee_2020;Lambrechts_Thienpont_2018_6149v2;Maynard_Bivona_2020,0.8,0.20550597648895894,III-IV,0,0.0,3,1,0.0,0.20550597648895894
PTPRC_CD22,T cell CD4 dividing,Mast cell,2,2.0,1.628831477539227,True,True,Hu_Zhang_2023_NSCLC;Maynard_Bivona_2020,1.0,0.8144157387696135,III-IV,0,0.6098810738231434,3,1,0.6098810738231434,0.2045346649464701
VEGFA_NRP2,Monocyte classical,Endothelial cell venous,5,3.0,1.019440146703122,True,False,Hu_Zhang_2023_NSCLC;Lambrechts_Thienpont_2018_6149v2;Maynard_Bivona_2020,0.6,0.2038880293406244,III-IV,0,0.0,5,1,0.0,0.2038880293406244
CD52_SIGLEC10,T cell CD4 dividing,Macrophage,2,2.0,1.3496907405592657,True,True,Hu_Zhang_2023_NSCLC;Maynard_Bivona_2020,1.0,0.6748453702796329,III-IV,0,0.47181923128709197,3,1,0.47181923128709197,0.2030261389925409
VEGFA_NRP2,cDC2,Endothelial cell venous,5,3.0,1.0137747941862598,True,False,Hu_Zhang_2023_NSCLC;Kim_Lee_2020;Maynard_Bivona_2020,0.6,0.20275495883725198,III-IV,0,0.0,5,1,0.0,0.20275495883725198
