interacting_pair,sender_cell_type,receiver_cell_type,eligible_datasets,supporting_datasets,rank_sum,ligand_deg,receptor_deg,datasets,prevalence,activity,time,cluster,activity_cluster_0,eligible_cluster_0,activity_cluster_1,eligible_cluster_1,testable_other_clusters,max_other_activity,specificity
CCL5_CCR1,T cell CD8 terminally exhausted,T cell CD8 dividing,3,3.0,2.915552895590894,True,False,Lambrechts_Thienpont_2018_6149v1;Lambrechts_Thienpont_2018_6149v2;Zuani_2024_NSCLC,1.0,0.9718509651969646,I-II,2,0.24547997435762195,7,0.0,2,2,0.24547997435762195,0.7263709908393426
CCL5_CCR1,T cell NK-like,T cell CD8 dividing,3,3.0,2.9115565398172825,True,False,Lambrechts_Thienpont_2018_6149v1;Lambrechts_Thienpont_2018_6149v2;Zuani_2024_NSCLC,1.0,0.9705188466057608,I-II,2,0.24728116347712423,7,0.0,2,2,0.24728116347712423,0.7232376831286366
CCL5_CCR1,T cell CD8 dividing,T cell CD8 dividing,3,3.0,2.7144934246080568,True,False,Lambrechts_Thienpont_2018_6149v1;Lambrechts_Thienpont_2018_6149v2;Zuani_2024_NSCLC,1.0,0.904831141536019,I-II,2,0.22246157346883458,7,0.0,2,2,0.22246157346883458,0.6823695680671844
CCL5_CCR1,NK cell,T cell CD8 dividing,3,3.0,2.701047811327681,True,False,Lambrechts_Thienpont_2018_6149v1;Lambrechts_Thienpont_2018_6149v2;Zuani_2024_NSCLC,1.0,0.9003492704425603,I-II,2,0.22079351933493224,7,0.0,2,2,0.22079351933493224,0.679555751107628
CCL5_CCR1,T cell CD8 effector memory,T cell CD8 dividing,3,3.0,2.708214680808915,True,False,Lambrechts_Thienpont_2018_6149v1;Lambrechts_Thienpont_2018_6149v2;Zuani_2024_NSCLC,1.0,0.902738226936305,I-II,2,0.24061506389134665,7,0.0,2,2,0.24061506389134665,0.6621231630449583
HLA-E_CD94:NKG2C,B cell,T cell CD8 dividing,3,3.0,2.1828345455563536,False,False,Lambrechts_Thienpont_2018_6149v1;Lambrechts_Thienpont_2018_6149v2;Zuani_2024_NSCLC,1.0,0.7276115151854512,I-II,2,0.31320778934988697,7,0.0,2,2,0.31320778934988697,0.41440372583556423
HLA-E_CD94:NKG2C,T cell regulatory,T cell CD8 dividing,3,3.0,2.20955518707267,False,False,Lambrechts_Thienpont_2018_6149v1;Lambrechts_Thienpont_2018_6149v2;Zuani_2024_NSCLC,1.0,0.7365183956908901,I-II,2,0.33334336005001625,7,0.0,2,2,0.33334336005001625,0.4031750356408738
HLA-E_CD94:NKG2C,T cell NK-like,T cell CD8 dividing,3,3.0,2.213531695695485,False,False,Lambrechts_Thienpont_2018_6149v1;Lambrechts_Thienpont_2018_6149v2;Zuani_2024_NSCLC,1.0,0.7378438985651616,I-II,2,0.34734124389691384,7,0.0,2,2,0.34734124389691384,0.3905026546682478
HLA-E_CD94:NKG2C,NK cell,T cell CD8 dividing,3,3.0,2.2172007279031463,False,False,Lambrechts_Thienpont_2018_6149v1;Lambrechts_Thienpont_2018_6149v2;Zuani_2024_NSCLC,1.0,0.7390669093010488,I-II,2,0.34881589863280127,7,0.0,2,2,0.34881589863280127,0.3902510106682475
HLA-E_CD94:NKG2C,T cell CD8 terminally exhausted,T cell CD8 dividing,3,3.0,2.1506463376583285,False,False,Lambrechts_Thienpont_2018_6149v1;Lambrechts_Thienpont_2018_6149v2;Zuani_2024_NSCLC,1.0,0.7168821125527761,I-II,2,0.33348378842905707,7,0.0,2,2,0.33348378842905707,0.38339832412371905
HLA-E_CD94:NKG2C,T cell CD8 effector memory,T cell CD8 dividing,3,3.0,2.1249204948002633,False,False,Lambrechts_Thienpont_2018_6149v1;Lambrechts_Thienpont_2018_6149v2;Zuani_2024_NSCLC,1.0,0.7083068316000878,I-II,2,0.3311551835285202,7,0.0,2,2,0.3311551835285202,0.3771516480715676
HLA-E_CD94:NKG2C,cDC1,T cell CD8 dividing,2,2.0,1.2433821723713567,False,False,Lambrechts_Thienpont_2018_6149v2;Zuani_2024_NSCLC,1.0,0.6216910861856784,I-II,2,0.25117105593386185,7,0.0,1,2,0.25117105593386185,0.3705200302518165
HLA-E_KLRK1,T cell regulatory,T cell NK-like,3,2.0,1.8626145016741846,False,True,Lambrechts_Thienpont_2018_6149v1;Lambrechts_Thienpont_2018_6149v2,0.6666666666666666,0.6208715005580615,I-II,2,0.25812024579146514,7,0.0,2,2,0.25812024579146514,0.36275125476659636
CD52_SIGLEC10,NK cell,cDC1,2,2.0,1.2097464038574053,False,True,Lambrechts_Thienpont_2018_6149v2;Zuani_2024_NSCLC,1.0,0.6048732019287026,I-II,2,0.24463986581318647,7,0.0,1,2,0.24463986581318647,0.36023333611551617
CD52_SIGLEC10,T cell NK-like,cDC1,2,2.0,1.625417146975567,True,True,Lambrechts_Thienpont_2018_6149v2;Zuani_2024_NSCLC,1.0,0.8127085734877835,I-II,2,0.4529924286808028,7,0.0,1,2,0.4529924286808028,0.35971614480698066
CD52_SIGLEC10,T cell regulatory,cDC1,2,2.0,1.3630227424670056,False,True,Lambrechts_Thienpont_2018_6149v2;Zuani_2024_NSCLC,1.0,0.6815113712335028,I-II,2,0.3223211143024648,7,0.0,1,2,0.3223211143024648,0.359190256931038
HLA-E_KLRK1,B cell,T cell NK-like,3,2.0,1.8117054227728722,False,True,Lambrechts_Thienpont_2018_6149v1;Lambrechts_Thienpont_2018_6149v2,0.6666666666666666,0.6039018075909574,I-II,2,0.2448787565791215,7,0.0,2,2,0.2448787565791215,0.35902305101183585
HLA-E_CD94:NKG2C,T cell CD4,T cell CD8 dividing,3,3.0,2.0091978940594464,False,False,Lambrechts_Thienpont_2018_6149v1;Lambrechts_Thienpont_2018_6149v2;Zuani_2024_NSCLC,1.0,0.6697326313531488,I-II,2,0.3170281032834662,7,0.0,2,2,0.3170281032834662,0.35270452806968255
HLA-E_KLRK1,T cell NK-like,NK cell,3,2.0,1.8466783782534326,False,True,Lambrechts_Thienpont_2018_6149v1;Lambrechts_Thienpont_2018_6149v2,0.6666666666666666,0.6155594594178109,I-II,2,0.2634678011148326,7,0.0,2,2,0.2634678011148326,0.3520916583029783
HLA-E_KLRK1,NK cell,T cell NK-like,3,2.0,1.8487884451547711,False,True,Lambrechts_Thienpont_2018_6149v1;Lambrechts_Thienpont_2018_6149v2,0.6666666666666666,0.6162628150515904,I-II,2,0.264732243200499,7,0.0,2,2,0.264732243200499,0.35153057185109143
CD52_SIGLEC10,cDC1,cDC2,2,2.0,1.1705876337357375,True,True,Lambrechts_Thienpont_2018_6149v2;Zuani_2024_NSCLC,1.0,0.5852938168678687,I-II,2,0.23809281299511567,7,0.0,1,2,0.23809281299511567,0.3472010038727531
HLA-E_KLRK1,T cell NK-like,T cell NK-like,3,2.0,1.825970663796007,False,True,Lambrechts_Thienpont_2018_6149v1;Lambrechts_Thienpont_2018_6149v2,0.6666666666666666,0.6086568879320023,I-II,2,0.2637290341086245,7,0.0,2,2,0.2637290341086245,0.3449278538233778
HLA-E_KLRK1,T cell CD8 effector memory,T cell NK-like,3,2.0,1.7989228422171883,False,True,Lambrechts_Thienpont_2018_6149v1;Lambrechts_Thienpont_2018_6149v2,0.6666666666666666,0.5996409474057295,I-II,2,0.25754212553940276,7,0.0,2,2,0.25754212553940276,0.34209882186632673
HLA-E_CD94:NKG2A,B cell,T cell NK-like,3,2.0,1.3471163398582053,False,False,Lambrechts_Thienpont_2018_6149v1;Zuani_2024_NSCLC,0.6666666666666666,0.4490387799527351,I-II,2,0.10726043503821281,7,0.0,2,2,0.10726043503821281,0.3417783449145223
HLA-E_CD94:NKG2A,NK cell,T cell NK-like,3,2.0,1.3663350921750257,False,False,Lambrechts_Thienpont_2018_6149v1;Zuani_2024_NSCLC,0.6666666666666666,0.4554450307250086,I-II,2,0.1154320987654321,7,0.0,2,2,0.1154320987654321,0.3400129319595765
HLA-E_CD94:NKG2A,T cell regulatory,T cell NK-like,3,2.0,1.341554912082628,False,False,Lambrechts_Thienpont_2018_6149v1;Zuani_2024_NSCLC,0.6666666666666666,0.4471849706942093,I-II,2,0.10956300215559475,7,0.0,2,2,0.10956300215559475,0.3376219685386146
HLA-E_CD94:NKG2A,T cell CD8 terminally exhausted,T cell NK-like,3,2.0,1.3372093515868761,False,False,Lambrechts_Thienpont_2018_6149v1;Zuani_2024_NSCLC,0.6666666666666666,0.4457364505289587,I-II,2,0.10812267293748776,7,0.0,2,2,0.10812267293748776,0.33761377759147093
HLA-E_KLRK1,T cell CD8 terminally exhausted,T cell NK-like,3,2.0,1.78864658525793,False,True,Lambrechts_Thienpont_2018_6149v1;Lambrechts_Thienpont_2018_6149v2,0.6666666666666666,0.59621552841931,I-II,2,0.2589193797455504,7,0.0,2,2,0.2589193797455504,0.3372961486737596
HLA-E_CD94:NKG2C,T cell CD8 dividing,T cell CD8 dividing,3,3.0,1.9701412110428813,False,False,Lambrechts_Thienpont_2018_6149v1;Lambrechts_Thienpont_2018_6149v2;Zuani_2024_NSCLC,1.0,0.6567137370142938,I-II,2,0.3197769428568909,7,0.0,2,2,0.3197769428568909,0.3369367941574029
CD52_SIGLEC10,T cell CD8 effector memory,cDC1,2,2.0,1.3289445216262488,False,True,Lambrechts_Thienpont_2018_6149v2;Zuani_2024_NSCLC,1.0,0.6644722608131244,I-II,2,0.33304717722751054,7,0.0,1,2,0.33304717722751054,0.33142508358561384
HLA-E_CD94:NKG2A,T cell NK-like,T cell NK-like,3,2.0,1.3372188836474324,False,False,Lambrechts_Thienpont_2018_6149v1;Zuani_2024_NSCLC,0.6666666666666666,0.44573962788247745,I-II,2,0.11509896139525769,7,0.0,2,2,0.11509896139525769,0.3306406664872198
HLA-E_KLRK1,T cell NK-like,T cell CD8 terminally exhausted,3,2.0,1.7469901001869013,False,True,Lambrechts_Thienpont_2018_6149v1;Lambrechts_Thienpont_2018_6149v2,0.6666666666666666,0.5823300333956337,I-II,2,0.26279960789183454,7,0.0,2,2,0.26279960789183454,0.3195304255037992
HLA-E_KLRK1,Plasma cell,T cell NK-like,3,2.0,0.9497579532020843,False,True,Lambrechts_Thienpont_2018_6149v1;Lambrechts_Thienpont_2018_6149v2,0.6666666666666666,0.3165859844006948,I-II,2,0.0,6,0.0,2,2,0.0,0.3165859844006948
HLA-E_CD94:NKG2A,T cell CD8 effector memory,T cell NK-like,3,2.0,1.2736193869402297,False,False,Lambrechts_Thienpont_2018_6149v1;Zuani_2024_NSCLC,0.6666666666666666,0.4245397956467432,I-II,2,0.1080442876739173,7,0.0,2,2,0.1080442876739173,0.3164955079728259
HLA-E_CD94:NKG2C,Plasma cell,T cell CD8 dividing,3,3.0,0.9410978897883473,False,False,Lambrechts_Thienpont_2018_6149v1;Lambrechts_Thienpont_2018_6149v2;Zuani_2024_NSCLC,1.0,0.3136992965961158,I-II,2,0.0,6,0.0,2,2,0.0,0.3136992965961158
HLA-E_KLRK1,T cell CD4,T cell NK-like,3,2.0,1.6873105397676615,False,True,Lambrechts_Thienpont_2018_6149v1;Lambrechts_Thienpont_2018_6149v2,0.6666666666666666,0.5624368465892206,I-II,2,0.24903685699033168,7,0.0,2,2,0.24903685699033168,0.3133999895988889
HLA-E_CD94:NKG2C,T cell CD4 dividing,T cell CD8 dividing,2,2.0,1.4127325396554853,False,False,Lambrechts_Thienpont_2018_6149v2;Zuani_2024_NSCLC,1.0,0.7063662698277426,I-II,2,0.3965053476356439,7,0.0,2,2,0.3965053476356439,0.30986092219209876
APP_CD74,cDC1,B cell,2,2.0,1.9639603100783822,False,True,Lambrechts_Thienpont_2018_6149v2;Zuani_2024_NSCLC,1.0,0.9819801550391911,I-II,2,0.6723198351495256,7,0.0,1,2,0.6723198351495256,0.30966031988966547
HLA-E_KLRK1,Plasma cell,T cell CD8 dividing,3,2.0,0.9039044493022581,False,True,Lambrechts_Thienpont_2018_6149v1;Lambrechts_Thienpont_2018_6149v2,0.6666666666666666,0.3013014831007527,I-II,2,0.0,6,0.0,2,2,0.0,0.3013014831007527
HLA-E_KLRK1,T cell CD8 dividing,NK cell,3,2.0,1.6467107392168647,False,True,Lambrechts_Thienpont_2018_6149v1;Lambrechts_Thienpont_2018_6149v2,0.6666666666666666,0.5489035797389549,I-II,2,0.25275647875853446,7,0.0,2,2,0.25275647875853446,0.2961471009804204
HLA-E_CD94:NKG2C,cDC2,T cell CD8 dividing,3,3.0,1.682469432229138,False,False,Lambrechts_Thienpont_2018_6149v1;Lambrechts_Thienpont_2018_6149v2;Zuani_2024_NSCLC,1.0,0.5608231440763793,I-II,2,0.2664791245899637,7,0.0,2,2,0.2664791245899637,0.29434401948641564
HLA-E_CD94:NKG2A,T cell CD8 dividing,T cell NK-like,3,2.0,1.1723195316157267,False,False,Lambrechts_Thienpont_2018_6149v1;Zuani_2024_NSCLC,0.6666666666666666,0.39077317720524224,I-II,2,0.09903978052126201,7,0.0,2,2,0.09903978052126201,0.29173339668398024
HLA-E_KLRK1,T cell CD8 dividing,T cell NK-like,3,2.0,1.6370817015262487,False,True,Lambrechts_Thienpont_2018_6149v1;Lambrechts_Thienpont_2018_6149v2,0.6666666666666666,0.5456939005087496,I-II,2,0.2542456899620215,7,0.0,2,2,0.2542456899620215,0.29144821054672804
HLA-E_CD94:NKG2A,B cell,T cell CD8 dividing,3,2.0,1.5358982696132737,False,False,Lambrechts_Thienpont_2018_6149v1;Zuani_2024_NSCLC,0.6666666666666666,0.5119660898710913,I-II,2,0.22110893215177505,7,0.0,2,2,0.22110893215177505,0.2908571577193162
HLA-E_CD94:NKG2A,T cell CD4,T cell NK-like,3,2.0,1.183734703690602,False,False,Lambrechts_Thienpont_2018_6149v1;Zuani_2024_NSCLC,0.6666666666666666,0.394578234563534,I-II,2,0.10557515187144817,7,0.0,2,2,0.10557515187144817,0.28900308269208586
CCL3_CCR1,NK cell,T cell CD8 dividing,3,2.0,0.8620300230489311,True,False,Lambrechts_Thienpont_2018_6149v1;Lambrechts_Thienpont_2018_6149v2,0.6666666666666666,0.28734334101631037,I-II,2,0.0,7,0.0,2,2,0.0,0.28734334101631037
HLA-E_CD94:NKG2A,T cell regulatory,T cell CD8 dividing,3,2.0,1.5343551349210216,False,False,Lambrechts_Thienpont_2018_6149v1;Zuani_2024_NSCLC,0.6666666666666666,0.5114517116403405,I-II,2,0.23170457750024034,7,0.0,2,2,0.23170457750024034,0.2797471341401002
HLA-E_CD94:NKG2A,NK cell,T cell CD8 dividing,3,2.0,1.5587227886149069,False,False,Lambrechts_Thienpont_2018_6149v1;Zuani_2024_NSCLC,0.6666666666666666,0.5195742628716357,I-II,2,0.24078192814862062,7,0.0,2,2,0.24078192814862062,0.278792334723015
HLA-E_CD94:NKG2A,T cell CD8 terminally exhausted,T cell CD8 dividing,3,2.0,1.5305920892370328,False,False,Lambrechts_Thienpont_2018_6149v1;Zuani_2024_NSCLC,0.6666666666666666,0.510197363079011,I-II,2,0.23318677098336865,7,0.0,2,2,0.23318677098336865,0.2770105920956423
CD52_SIGLEC10,Monocyte classical,cDC1,2,2.0,1.1390204689855528,False,True,Lambrechts_Thienpont_2018_6149v2;Zuani_2024_NSCLC,1.0,0.5695102344927764,I-II,2,0.29326525276745036,7,0.0,1,2,0.29326525276745036,0.276244981725326
HLA-E_CD94:NKG2E,T cell NK-like,NK cell,3,3.0,2.090965892041189,False,False,Lambrechts_Thienpont_2018_6149v1;Lambrechts_Thienpont_2018_6149v2;Zuani_2024_NSCLC,1.0,0.6969886306803964,I-II,2,0.42868356533004504,7,0.0,2,2,0.42868356533004504,0.26830506535035137
HLA-E_KLRK1,T cell CD8 dividing,T cell CD8 terminally exhausted,3,2.0,1.5644098747168416,False,True,Lambrechts_Thienpont_2018_6149v1;Lambrechts_Thienpont_2018_6149v2,0.6666666666666666,0.5214699582389472,I-II,2,0.2532077771226426,7,0.0,2,2,0.2532077771226426,0.26826218111630457
HLA-E_CD94:NKG2E,cDC1,NK cell,2,2.0,1.175543308499885,False,False,Lambrechts_Thienpont_2018_6149v2;Zuani_2024_NSCLC,1.0,0.5877716542499425,I-II,2,0.3204384891103606,7,0.0,1,2,0.3204384891103606,0.2673331651395819
HLA-E_CD94:NKG2A,T cell NK-like,T cell CD8 dividing,3,2.0,1.5317226975307725,False,False,Lambrechts_Thienpont_2018_6149v1;Zuani_2024_NSCLC,0.6666666666666666,0.5105742325102575,I-II,2,0.2441464157843606,7,0.0,2,2,0.2441464157843606,0.2664278167258969
HLA-E_CD94:NKG2C,Monocyte classical,T cell CD8 dividing,3,3.0,1.603009916503174,False,False,Lambrechts_Thienpont_2018_6149v1;Lambrechts_Thienpont_2018_6149v2;Zuani_2024_NSCLC,1.0,0.5343366388343913,I-II,2,0.2700250895340924,7,0.0,2,2,0.2700250895340924,0.26431154930029893
HLA-E_CD94:NKG2A,T cell CD8 effector memory,T cell CD8 dividing,3,2.0,1.480348068486796,False,False,Lambrechts_Thienpont_2018_6149v1;Zuani_2024_NSCLC,0.6666666666666666,0.4934493561622653,I-II,2,0.23039421786977046,7,0.0,2,2,0.23039421786977046,0.26305513829249483
HLA-E_KLRK1,B cell,T cell CD8 dividing,3,2.0,1.7788210702893335,False,True,Lambrechts_Thienpont_2018_6149v1;Lambrechts_Thienpont_2018_6149v2,0.6666666666666666,0.5929403567631112,I-II,2,0.33709633393385857,7,0.0,2,2,0.33709633393385857,0.2558440228292526
CCL3_CCR1,T cell CD8 dividing,T cell CD8 dividing,3,3.0,1.0431881348079752,True,False,Lambrechts_Thienpont_2018_6149v1;Lambrechts_Thienpont_2018_6149v2;Zuani_2024_NSCLC,1.0,0.3477293782693251,I-II,2,0.09321524246897382,7,0.0,2,2,0.09321524246897382,0.25451413580035126
HLA-E_KLRK1,T cell regulatory,T cell CD8 dividing,3,2.0,1.8289607507743515,False,True,Lambrechts_Thienpont_2018_6149v1;Lambrechts_Thienpont_2018_6149v2,0.6666666666666666,0.6096535835914505,I-II,2,0.35640649779240324,7,0.0,2,2,0.35640649779240324,0.25324708579904726
HLA-E_KLRK1,cDC2,T cell NK-like,3,2.0,1.4381690959403501,False,True,Lambrechts_Thienpont_2018_6149v1;Lambrechts_Thienpont_2018_6149v2,0.6666666666666666,0.4793896986467834,I-II,2,0.22821762279671645,7,0.0,2,2,0.22821762279671645,0.25117207585006696
PTPRC_CD22,cDC1,B cell,2,2.0,0.9810663796755767,True,False,Lambrechts_Thienpont_2018_6149v2;Zuani_2024_NSCLC,1.0,0.4905331898377884,I-II,2,0.24385171282191478,7,0.0,1,2,0.24385171282191478,0.2466814770158736
HLA-E_KLRK1,NK cell,T cell CD8 dividing,3,2.0,1.8170251689044163,False,True,Lambrechts_Thienpont_2018_6149v1;Lambrechts_Thienpont_2018_6149v2,0.6666666666666666,0.6056750563014721,I-II,2,0.35933332375626065,7,0.0,2,2,0.35933332375626065,0.24634173254521147
PTPRC_MRC1,cDC1,cDC2,2,2.0,1.0649970120554344,True,False,Lambrechts_Thienpont_2018_6149v2;Zuani_2024_NSCLC,1.0,0.5324985060277172,I-II,2,0.28649588512575414,7,0.0,1,2,0.28649588512575414,0.24600262090196306
HLA-E_CD94:NKG2A,cDC2,T cell NK-like,3,2.0,0.9915831905289446,False,False,Lambrechts_Thienpont_2018_6149v1;Zuani_2024_NSCLC,0.6666666666666666,0.33052773017631487,I-II,2,0.08514599255339995,7,0.0,2,2,0.08514599255339995,0.24538173762291493
HLA-E_CD94:NKG2A,Plasma cell,T cell CD8 dividing,3,2.0,0.7251128490058061,False,False,Lambrechts_Thienpont_2018_6149v1;Zuani_2024_NSCLC,0.6666666666666666,0.24170428300193536,I-II,2,0.0,6,0.0,2,2,0.0,0.24170428300193536
HLA-E_KLRK1,T cell NK-like,T cell CD8 dividing,3,2.0,1.7904264382466961,False,True,Lambrechts_Thienpont_2018_6149v1;Lambrechts_Thienpont_2018_6149v2,0.6666666666666666,0.5968088127488987,I-II,2,0.35693052872429826,7,0.0,2,2,0.35693052872429826,0.23987828402460049
HLA-E_KLRK1,T cell CD8 effector memory,T cell CD8 dividing,3,2.0,1.747749592185818,False,True,Lambrechts_Thienpont_2018_6149v1;Lambrechts_Thienpont_2018_6149v2,0.6666666666666666,0.5825831973952726,I-II,2,0.3431103874744416,7,0.0,2,2,0.3431103874744416,0.23947280992083103
HLA-E_CD94:NKG2A,T cell CD4,T cell CD8 dividing,3,2.0,1.3748879982884654,False,False,Lambrechts_Thienpont_2018_6149v1;Zuani_2024_NSCLC,0.6666666666666666,0.45829599942948845,I-II,2,0.22268498098910047,7,0.0,2,2,0.22268498098910047,0.23561101844038798
TNFSF13B_TNFRSF13B,cDC1,B cell,2,2.0,0.5962545993128074,True,True,Lambrechts_Thienpont_2018_6149v2;Zuani_2024_NSCLC,1.0,0.2981272996564037,I-II,2,0.06479241449179982,7,0.0,1,2,0.06479241449179982,0.2333348851646039
HLA-E_KLRK1,T cell CD8 terminally exhausted,T cell CD8 dividing,3,2.0,1.7452548260763323,False,True,Lambrechts_Thienpont_2018_6149v1;Lambrechts_Thienpont_2018_6149v2,0.6666666666666666,0.5817516086921107,I-II,2,0.35173691451248856,7,0.0,2,2,0.35173691451248856,0.23001469417962217
CD52_SIGLEC10,cDC1,cDC1,2,2.0,1.1497749823819101,True,True,Lambrechts_Thienpont_2018_6149v2;Zuani_2024_NSCLC,1.0,0.5748874911909551,I-II,2,0.3485363312186504,7,0.0,1,2,0.3485363312186504,0.22635115997230465
CD52_SIGLEC10,T cell CD8 dividing,Macrophage,3,3.0,1.934709294099707,True,False,Lambrechts_Thienpont_2018_6149v1;Lambrechts_Thienpont_2018_6149v2;Zuani_2024_NSCLC,1.0,0.6449030980332356,I-II,2,0.4193283331845258,7,0.0,2,2,0.4193283331845258,0.22557476484870986
CADM1_CADM1,Plasma cell,cDC1,2,2.0,0.44779479951552864,False,True,Lambrechts_Thienpont_2018_6149v2;Zuani_2024_NSCLC,1.0,0.22389739975776432,I-II,2,0.0,6,0.0,1,2,0.0,0.22389739975776432
CADM1_CADM1,cDC1,Plasma cell,2,2.0,0.44779479951552864,True,False,Lambrechts_Thienpont_2018_6149v2;Zuani_2024_NSCLC,1.0,0.22389739975776432,I-II,2,0.0,6,0.0,1,2,0.0,0.22389739975776432
HLA-E_KLRK1,T cell CD4,T cell CD8 dividing,3,2.0,1.6533051110509387,False,True,Lambrechts_Thienpont_2018_6149v1;Lambrechts_Thienpont_2018_6149v2,0.6666666666666666,0.5511017036836462,I-II,2,0.3272832359967886,7,0.0,2,2,0.3272832359967886,0.2238184676868576
HLA-E_CD94:NKG2A,T cell CD8 dividing,T cell CD8 dividing,3,2.0,1.3340854835190672,False,False,Lambrechts_Thienpont_2018_6149v1;Zuani_2024_NSCLC,0.6666666666666666,0.4446951611730224,I-II,2,0.22200956216910067,7,0.0,2,2,0.22200956216910067,0.2226855990039217
HLA-E_CD94:NKG2A,Macrophage,T cell NK-like,3,2.0,0.947033516843151,False,False,Lambrechts_Thienpont_2018_6149v1;Zuani_2024_NSCLC,0.6666666666666666,0.315677838947717,I-II,2,0.09964726631393298,7,0.0,2,2,0.09964726631393298,0.21603057263378403
CD52_SIGLEC10,T cell CD8 dividing,Monocyte classical,3,3.0,1.9230851576071386,True,False,Lambrechts_Thienpont_2018_6149v1;Lambrechts_Thienpont_2018_6149v2;Zuani_2024_NSCLC,1.0,0.6410283858690462,I-II,2,0.4252393627612391,7,0.0,2,2,0.4252393627612391,0.21578902310780712
TNFSF13B_TNFRSF17,cDC1,Plasma cell,2,2.0,0.43151937155073283,True,True,Lambrechts_Thienpont_2018_6149v2;Zuani_2024_NSCLC,1.0,0.21575968577536642,I-II,2,0.0,6,0.0,1,2,0.0,0.21575968577536642
HLA-E_KLRK1,Plasma cell,T cell CD8 terminally exhausted,4,2.0,0.8582259587760952,False,True,Lambrechts_Thienpont_2018_6149v1;Lambrechts_Thienpont_2018_6149v2,0.5,0.2145564896940238,I-II,2,0.0,7,0.0,2,2,0.0,0.2145564896940238
HLA-E_KLRK1,Monocyte classical,T cell NK-like,3,2.0,1.2954192726047933,False,True,Lambrechts_Thienpont_2018_6149v1;Lambrechts_Thienpont_2018_6149v2,0.6666666666666666,0.43180642420159776,I-II,2,0.22181473862598214,7,0.0,2,2,0.22181473862598214,0.20999168557561562
HLA-E_CD94:NKG2A,Monocyte classical,T cell NK-like,3,2.0,0.9044543318978755,False,False,Lambrechts_Thienpont_2018_6149v1;Zuani_2024_NSCLC,0.6666666666666666,0.30148477729929185,I-II,2,0.09683519498334313,7,0.0,2,2,0.09683519498334313,0.2046495823159487
HLA-E_CD94:NKG2E,T cell CD8 dividing,NK cell,3,3.0,1.850264811748168,False,False,Lambrechts_Thienpont_2018_6149v1;Lambrechts_Thienpont_2018_6149v2;Zuani_2024_NSCLC,1.0,0.6167549372493893,I-II,2,0.4126827607974903,7,0.0,2,2,0.4126827607974903,0.20407217645189907
CD52_SIGLEC10,cDC2,cDC1,2,2.0,0.9527762144307635,False,True,Lambrechts_Thienpont_2018_6149v2;Zuani_2024_NSCLC,1.0,0.4763881072153818,I-II,2,0.2742777429967774,7,0.0,1,2,0.2742777429967774,0.2021103642186044
HLA-E_KLRC1,T cell NK-like,NK cell,3,2.0,1.7765181924671303,False,True,Lambrechts_Thienpont_2018_6149v1;Zuani_2024_NSCLC,0.6666666666666666,0.5921727308223768,I-II,2,0.39085057861715444,7,0.0,2,2,0.39085057861715444,0.20132215220522232
